-- phpMyAdmin SQL Dump
-- version 5.2.1
-- https://www.phpmyadmin.net/
--
-- Servidor: 127.0.0.1
-- Tiempo de generación: 30-11-2025 a las 23:02:16
-- Versión del servidor: 10.4.32-MariaDB
-- Versión de PHP: 8.2.12

SET SQL_MODE = "NO_AUTO_VALUE_ON_ZERO";
START TRANSACTION;
SET time_zone = "+00:00";


/*!40101 SET @OLD_CHARACTER_SET_CLIENT=@@CHARACTER_SET_CLIENT */;
/*!40101 SET @OLD_CHARACTER_SET_RESULTS=@@CHARACTER_SET_RESULTS */;
/*!40101 SET @OLD_COLLATION_CONNECTION=@@COLLATION_CONNECTION */;
/*!40101 SET NAMES utf8mb4 */;

--
-- Base de datos: `entradasya`
--

-- --------------------------------------------------------

--
-- Estructura de tabla para la tabla `admins`
--

CREATE TABLE `admins` (
  `id_admin` int(11) NOT NULL,
  `id_usuario` int(11) NOT NULL,
  `nivel_acceso` int(11) NOT NULL DEFAULT 1,
  `fecha_creacion` timestamp NOT NULL DEFAULT current_timestamp()
) ENGINE=InnoDB DEFAULT CHARSET=utf8mb4 COLLATE=utf8mb4_general_ci;

--
-- Volcado de datos para la tabla `admins`
--

INSERT INTO `admins` (`id_admin`, `id_usuario`, `nivel_acceso`, `fecha_creacion`) VALUES
(1, 7, 10, '2025-11-05 02:59:10'),
(2, 21, 10, '2025-11-16 00:53:09'),
(3, 22, 10, '2025-11-16 20:37:08');

-- --------------------------------------------------------

--
-- Estructura de tabla para la tabla `artistas`
--

CREATE TABLE `artistas` (
  `id_artista` int(11) NOT NULL,
  `nombre` varchar(150) NOT NULL,
  `apellido` varchar(150) DEFAULT NULL,
  `descripcion` text DEFAULT NULL,
  `genero` varchar(100) DEFAULT NULL,
  `pais_origen` varchar(100) DEFAULT NULL,
  `sitio_web` varchar(255) DEFAULT NULL,
  `redes_sociales` longtext CHARACTER SET utf8mb4 COLLATE utf8mb4_bin DEFAULT NULL CHECK (json_valid(`redes_sociales`)),
  `imagen_url` varchar(255) DEFAULT NULL,
  `fecha_registro` timestamp NOT NULL DEFAULT current_timestamp()
) ENGINE=InnoDB DEFAULT CHARSET=utf8mb4 COLLATE=utf8mb4_general_ci;

-- --------------------------------------------------------

--
-- Estructura de tabla para la tabla `artistas_eventos`
--

CREATE TABLE `artistas_eventos` (
  `id_artista` int(11) NOT NULL,
  `id_evento` int(11) NOT NULL
) ENGINE=InnoDB DEFAULT CHARSET=utf8mb4 COLLATE=utf8mb4_general_ci;

-- --------------------------------------------------------

--
-- Estructura de tabla para la tabla `asientos`
--

CREATE TABLE `asientos` (
  `id_asiento` int(11) NOT NULL,
  `id_tipo` int(11) NOT NULL,
  `fila` int(11) NOT NULL,
  `numero` int(11) NOT NULL,
  `ocupado` tinyint(1) DEFAULT 0
) ENGINE=InnoDB DEFAULT CHARSET=utf8mb4 COLLATE=utf8mb4_general_ci;

--
-- Volcado de datos para la tabla `asientos`
--

INSERT INTO `asientos` (`id_asiento`, `id_tipo`, `fila`, `numero`, `ocupado`) VALUES
(1, 1, 1, 1, 0),
(1053, 1, 1, 1, 0),
(21, 1, 1, 2, 0),
(1073, 1, 1, 2, 0),
(41, 1, 1, 3, 0),
(1093, 1, 1, 3, 0),
(61, 1, 1, 4, 0),
(1113, 1, 1, 4, 0),
(81, 1, 1, 5, 0),
(1133, 1, 1, 5, 0),
(101, 1, 1, 6, 0),
(1153, 1, 1, 6, 0),
(121, 1, 1, 7, 0),
(1173, 1, 1, 7, 0),
(141, 1, 1, 8, 0),
(1193, 1, 1, 8, 0),
(161, 1, 1, 9, 0),
(1213, 1, 1, 9, 0),
(181, 1, 1, 10, 0),
(1233, 1, 1, 10, 0),
(3, 1, 2, 1, 0),
(1055, 1, 2, 1, 0),
(23, 1, 2, 2, 0),
(1075, 1, 2, 2, 0),
(43, 1, 2, 3, 0),
(1095, 1, 2, 3, 0),
(63, 1, 2, 4, 0),
(1115, 1, 2, 4, 0),
(83, 1, 2, 5, 0),
(1135, 1, 2, 5, 0),
(103, 1, 2, 6, 0),
(1155, 1, 2, 6, 0),
(123, 1, 2, 7, 0),
(1175, 1, 2, 7, 0),
(143, 1, 2, 8, 0),
(1195, 1, 2, 8, 0),
(163, 1, 2, 9, 0),
(1215, 1, 2, 9, 0),
(183, 1, 2, 10, 0),
(1235, 1, 2, 10, 0),
(5, 1, 3, 1, 0),
(1057, 1, 3, 1, 0),
(25, 1, 3, 2, 0),
(1077, 1, 3, 2, 0),
(45, 1, 3, 3, 0),
(1097, 1, 3, 3, 0),
(65, 1, 3, 4, 0),
(1117, 1, 3, 4, 0),
(85, 1, 3, 5, 0),
(1137, 1, 3, 5, 0),
(105, 1, 3, 6, 0),
(1157, 1, 3, 6, 0),
(125, 1, 3, 7, 0),
(1177, 1, 3, 7, 0),
(145, 1, 3, 8, 0),
(1197, 1, 3, 8, 0),
(165, 1, 3, 9, 0),
(1217, 1, 3, 9, 0),
(185, 1, 3, 10, 0),
(1237, 1, 3, 10, 0),
(7, 1, 4, 1, 0),
(1059, 1, 4, 1, 0),
(27, 1, 4, 2, 0),
(1079, 1, 4, 2, 0),
(47, 1, 4, 3, 0),
(1099, 1, 4, 3, 0),
(67, 1, 4, 4, 0),
(1119, 1, 4, 4, 0),
(87, 1, 4, 5, 0),
(1139, 1, 4, 5, 0),
(107, 1, 4, 6, 0),
(1159, 1, 4, 6, 0),
(127, 1, 4, 7, 0),
(1179, 1, 4, 7, 0),
(147, 1, 4, 8, 0),
(1199, 1, 4, 8, 0),
(167, 1, 4, 9, 0),
(1219, 1, 4, 9, 0),
(187, 1, 4, 10, 0),
(1239, 1, 4, 10, 0),
(9, 1, 5, 1, 0),
(1061, 1, 5, 1, 0),
(29, 1, 5, 2, 0),
(1081, 1, 5, 2, 0),
(49, 1, 5, 3, 0),
(1101, 1, 5, 3, 0),
(69, 1, 5, 4, 0),
(1121, 1, 5, 4, 0),
(89, 1, 5, 5, 0),
(1141, 1, 5, 5, 0),
(109, 1, 5, 6, 0),
(1161, 1, 5, 6, 0),
(129, 1, 5, 7, 0),
(1181, 1, 5, 7, 0),
(149, 1, 5, 8, 0),
(1201, 1, 5, 8, 0),
(169, 1, 5, 9, 0),
(1221, 1, 5, 9, 0),
(189, 1, 5, 10, 0),
(1241, 1, 5, 10, 0),
(11, 1, 6, 1, 0),
(1063, 1, 6, 1, 0),
(31, 1, 6, 2, 0),
(1083, 1, 6, 2, 0),
(51, 1, 6, 3, 0),
(1103, 1, 6, 3, 0),
(71, 1, 6, 4, 0),
(1123, 1, 6, 4, 0),
(91, 1, 6, 5, 0),
(1143, 1, 6, 5, 0),
(111, 1, 6, 6, 0),
(1163, 1, 6, 6, 0),
(131, 1, 6, 7, 0),
(1183, 1, 6, 7, 0),
(151, 1, 6, 8, 0),
(1203, 1, 6, 8, 0),
(171, 1, 6, 9, 0),
(1223, 1, 6, 9, 0),
(191, 1, 6, 10, 0),
(1243, 1, 6, 10, 0),
(13, 1, 7, 1, 0),
(1065, 1, 7, 1, 0),
(33, 1, 7, 2, 0),
(1085, 1, 7, 2, 0),
(53, 1, 7, 3, 0),
(1105, 1, 7, 3, 0),
(73, 1, 7, 4, 0),
(1125, 1, 7, 4, 0),
(93, 1, 7, 5, 0),
(1145, 1, 7, 5, 0),
(113, 1, 7, 6, 0),
(1165, 1, 7, 6, 0),
(133, 1, 7, 7, 0),
(1185, 1, 7, 7, 0),
(153, 1, 7, 8, 0),
(1205, 1, 7, 8, 0),
(173, 1, 7, 9, 0),
(1225, 1, 7, 9, 0),
(193, 1, 7, 10, 0),
(1245, 1, 7, 10, 0),
(15, 1, 8, 1, 0),
(1067, 1, 8, 1, 0),
(35, 1, 8, 2, 0),
(1087, 1, 8, 2, 0),
(55, 1, 8, 3, 0),
(1107, 1, 8, 3, 0),
(75, 1, 8, 4, 0),
(1127, 1, 8, 4, 0),
(95, 1, 8, 5, 0),
(1147, 1, 8, 5, 0),
(115, 1, 8, 6, 0),
(1167, 1, 8, 6, 0),
(135, 1, 8, 7, 0),
(1187, 1, 8, 7, 0),
(155, 1, 8, 8, 0),
(1207, 1, 8, 8, 0),
(175, 1, 8, 9, 0),
(1227, 1, 8, 9, 0),
(195, 1, 8, 10, 0),
(1247, 1, 8, 10, 0),
(17, 1, 9, 1, 0),
(1069, 1, 9, 1, 0),
(37, 1, 9, 2, 0),
(1089, 1, 9, 2, 0),
(57, 1, 9, 3, 0),
(1109, 1, 9, 3, 0),
(77, 1, 9, 4, 0),
(1129, 1, 9, 4, 0),
(97, 1, 9, 5, 0),
(1149, 1, 9, 5, 0),
(117, 1, 9, 6, 0),
(1169, 1, 9, 6, 0),
(137, 1, 9, 7, 0),
(1189, 1, 9, 7, 0),
(157, 1, 9, 8, 0),
(1209, 1, 9, 8, 0),
(177, 1, 9, 9, 0),
(1229, 1, 9, 9, 0),
(197, 1, 9, 10, 0),
(1249, 1, 9, 10, 0),
(19, 1, 10, 1, 0),
(1071, 1, 10, 1, 0),
(39, 1, 10, 2, 0),
(1091, 1, 10, 2, 0),
(59, 1, 10, 3, 0),
(1111, 1, 10, 3, 0),
(79, 1, 10, 4, 0),
(1131, 1, 10, 4, 0),
(99, 1, 10, 5, 0),
(1151, 1, 10, 5, 0),
(119, 1, 10, 6, 0),
(1171, 1, 10, 6, 0),
(139, 1, 10, 7, 0),
(1191, 1, 10, 7, 0),
(159, 1, 10, 8, 0),
(1211, 1, 10, 8, 0),
(179, 1, 10, 9, 0),
(1231, 1, 10, 9, 0),
(199, 1, 10, 10, 0),
(1251, 1, 10, 10, 0),
(256, 2, 1, 1, 0),
(1308, 2, 1, 1, 0),
(271, 2, 1, 2, 0),
(1338, 2, 1, 2, 0),
(286, 2, 1, 3, 0),
(1368, 2, 1, 3, 0),
(301, 2, 1, 4, 0),
(1398, 2, 1, 4, 0),
(316, 2, 1, 5, 0),
(1428, 2, 1, 5, 0),
(331, 2, 1, 6, 0),
(1458, 2, 1, 6, 0),
(346, 2, 1, 7, 0),
(1488, 2, 1, 7, 0),
(361, 2, 1, 8, 0),
(1518, 2, 1, 8, 0),
(376, 2, 1, 9, 0),
(1548, 2, 1, 9, 0),
(391, 2, 1, 10, 0),
(1578, 2, 1, 10, 0),
(406, 2, 1, 11, 0),
(1608, 2, 1, 11, 0),
(421, 2, 1, 12, 0),
(1638, 2, 1, 12, 0),
(436, 2, 1, 13, 0),
(1668, 2, 1, 13, 0),
(451, 2, 1, 14, 0),
(1698, 2, 1, 14, 0),
(466, 2, 1, 15, 0),
(1728, 2, 1, 15, 0),
(481, 2, 1, 16, 0),
(1758, 2, 1, 16, 0),
(496, 2, 1, 17, 0),
(1788, 2, 1, 17, 0),
(511, 2, 1, 18, 0),
(1818, 2, 1, 18, 0),
(526, 2, 1, 19, 0),
(1848, 2, 1, 19, 0),
(541, 2, 1, 20, 0),
(1878, 2, 1, 20, 0),
(257, 2, 2, 1, 0),
(1310, 2, 2, 1, 0),
(272, 2, 2, 2, 0),
(1340, 2, 2, 2, 0),
(287, 2, 2, 3, 0),
(1370, 2, 2, 3, 0),
(302, 2, 2, 4, 0),
(1400, 2, 2, 4, 0),
(317, 2, 2, 5, 0),
(1430, 2, 2, 5, 0),
(332, 2, 2, 6, 0),
(1460, 2, 2, 6, 0),
(347, 2, 2, 7, 0),
(1490, 2, 2, 7, 0),
(362, 2, 2, 8, 0),
(1520, 2, 2, 8, 0),
(377, 2, 2, 9, 0),
(1550, 2, 2, 9, 0),
(392, 2, 2, 10, 0),
(1580, 2, 2, 10, 0),
(407, 2, 2, 11, 0),
(1610, 2, 2, 11, 0),
(422, 2, 2, 12, 0),
(1640, 2, 2, 12, 0),
(437, 2, 2, 13, 0),
(1670, 2, 2, 13, 0),
(452, 2, 2, 14, 0),
(1700, 2, 2, 14, 0),
(467, 2, 2, 15, 0),
(1730, 2, 2, 15, 0),
(482, 2, 2, 16, 0),
(1760, 2, 2, 16, 0),
(497, 2, 2, 17, 0),
(1790, 2, 2, 17, 0),
(512, 2, 2, 18, 0),
(1820, 2, 2, 18, 0),
(527, 2, 2, 19, 0),
(1850, 2, 2, 19, 0),
(542, 2, 2, 20, 0),
(1880, 2, 2, 20, 0),
(258, 2, 3, 1, 0),
(1312, 2, 3, 1, 0),
(273, 2, 3, 2, 0),
(1342, 2, 3, 2, 0),
(288, 2, 3, 3, 0),
(1372, 2, 3, 3, 0),
(303, 2, 3, 4, 0),
(1402, 2, 3, 4, 0),
(318, 2, 3, 5, 0),
(1432, 2, 3, 5, 0),
(333, 2, 3, 6, 0),
(1462, 2, 3, 6, 0),
(348, 2, 3, 7, 0),
(1492, 2, 3, 7, 0),
(363, 2, 3, 8, 0),
(1522, 2, 3, 8, 0),
(378, 2, 3, 9, 0),
(1552, 2, 3, 9, 0),
(393, 2, 3, 10, 0),
(1582, 2, 3, 10, 0),
(408, 2, 3, 11, 0),
(1612, 2, 3, 11, 0),
(423, 2, 3, 12, 0),
(1642, 2, 3, 12, 0),
(438, 2, 3, 13, 0),
(1672, 2, 3, 13, 0),
(453, 2, 3, 14, 0),
(1702, 2, 3, 14, 0),
(468, 2, 3, 15, 0),
(1732, 2, 3, 15, 0),
(483, 2, 3, 16, 0),
(1762, 2, 3, 16, 0),
(498, 2, 3, 17, 0),
(1792, 2, 3, 17, 0),
(513, 2, 3, 18, 0),
(1822, 2, 3, 18, 0),
(528, 2, 3, 19, 0),
(1852, 2, 3, 19, 0),
(543, 2, 3, 20, 0),
(1882, 2, 3, 20, 0),
(259, 2, 4, 1, 0),
(1314, 2, 4, 1, 0),
(274, 2, 4, 2, 0),
(1344, 2, 4, 2, 0),
(289, 2, 4, 3, 0),
(1374, 2, 4, 3, 0),
(304, 2, 4, 4, 0),
(1404, 2, 4, 4, 0),
(319, 2, 4, 5, 0),
(1434, 2, 4, 5, 0),
(334, 2, 4, 6, 0),
(1464, 2, 4, 6, 0),
(349, 2, 4, 7, 0),
(1494, 2, 4, 7, 0),
(364, 2, 4, 8, 0),
(1524, 2, 4, 8, 0),
(379, 2, 4, 9, 0),
(1554, 2, 4, 9, 0),
(394, 2, 4, 10, 0),
(1584, 2, 4, 10, 0),
(409, 2, 4, 11, 0),
(1614, 2, 4, 11, 0),
(424, 2, 4, 12, 0),
(1644, 2, 4, 12, 0),
(439, 2, 4, 13, 0),
(1674, 2, 4, 13, 0),
(454, 2, 4, 14, 0),
(1704, 2, 4, 14, 0),
(469, 2, 4, 15, 0),
(1734, 2, 4, 15, 0),
(484, 2, 4, 16, 0),
(1764, 2, 4, 16, 0),
(499, 2, 4, 17, 0),
(1794, 2, 4, 17, 0),
(514, 2, 4, 18, 0),
(1824, 2, 4, 18, 0),
(529, 2, 4, 19, 0),
(1854, 2, 4, 19, 0),
(544, 2, 4, 20, 0),
(1884, 2, 4, 20, 0),
(260, 2, 5, 1, 0),
(1316, 2, 5, 1, 0),
(275, 2, 5, 2, 0),
(1346, 2, 5, 2, 0),
(290, 2, 5, 3, 0),
(1376, 2, 5, 3, 0),
(305, 2, 5, 4, 0),
(1406, 2, 5, 4, 0),
(320, 2, 5, 5, 0),
(1436, 2, 5, 5, 0),
(335, 2, 5, 6, 0),
(1466, 2, 5, 6, 0),
(350, 2, 5, 7, 0),
(1496, 2, 5, 7, 0),
(365, 2, 5, 8, 0),
(1526, 2, 5, 8, 0),
(380, 2, 5, 9, 0),
(1556, 2, 5, 9, 0),
(395, 2, 5, 10, 0),
(1586, 2, 5, 10, 0),
(410, 2, 5, 11, 0),
(1616, 2, 5, 11, 0),
(425, 2, 5, 12, 0),
(1646, 2, 5, 12, 0),
(440, 2, 5, 13, 0),
(1676, 2, 5, 13, 0),
(455, 2, 5, 14, 0),
(1706, 2, 5, 14, 0),
(470, 2, 5, 15, 0),
(1736, 2, 5, 15, 0),
(485, 2, 5, 16, 0),
(1766, 2, 5, 16, 0),
(500, 2, 5, 17, 0),
(1796, 2, 5, 17, 0),
(515, 2, 5, 18, 0),
(1826, 2, 5, 18, 0),
(530, 2, 5, 19, 0),
(1856, 2, 5, 19, 0),
(545, 2, 5, 20, 0),
(1886, 2, 5, 20, 0),
(261, 2, 6, 1, 0),
(1318, 2, 6, 1, 0),
(276, 2, 6, 2, 0),
(1348, 2, 6, 2, 0),
(291, 2, 6, 3, 0),
(1378, 2, 6, 3, 0),
(306, 2, 6, 4, 0),
(1408, 2, 6, 4, 0),
(321, 2, 6, 5, 0),
(1438, 2, 6, 5, 0),
(336, 2, 6, 6, 0),
(1468, 2, 6, 6, 0),
(351, 2, 6, 7, 0),
(1498, 2, 6, 7, 0),
(366, 2, 6, 8, 0),
(1528, 2, 6, 8, 0),
(381, 2, 6, 9, 0),
(1558, 2, 6, 9, 0),
(396, 2, 6, 10, 0),
(1588, 2, 6, 10, 0),
(411, 2, 6, 11, 0),
(1618, 2, 6, 11, 0),
(426, 2, 6, 12, 0),
(1648, 2, 6, 12, 0),
(441, 2, 6, 13, 0),
(1678, 2, 6, 13, 0),
(456, 2, 6, 14, 0),
(1708, 2, 6, 14, 0),
(471, 2, 6, 15, 0),
(1738, 2, 6, 15, 0),
(486, 2, 6, 16, 0),
(1768, 2, 6, 16, 0),
(501, 2, 6, 17, 0),
(1798, 2, 6, 17, 0),
(516, 2, 6, 18, 0),
(1828, 2, 6, 18, 0),
(531, 2, 6, 19, 0),
(1858, 2, 6, 19, 0),
(546, 2, 6, 20, 0),
(1888, 2, 6, 20, 0),
(262, 2, 7, 1, 0),
(1320, 2, 7, 1, 0),
(277, 2, 7, 2, 0),
(1350, 2, 7, 2, 0),
(292, 2, 7, 3, 0),
(1380, 2, 7, 3, 0),
(307, 2, 7, 4, 0),
(1410, 2, 7, 4, 0),
(322, 2, 7, 5, 0),
(1440, 2, 7, 5, 0),
(337, 2, 7, 6, 0),
(1470, 2, 7, 6, 0),
(352, 2, 7, 7, 0),
(1500, 2, 7, 7, 0),
(367, 2, 7, 8, 0),
(1530, 2, 7, 8, 0),
(382, 2, 7, 9, 0),
(1560, 2, 7, 9, 0),
(397, 2, 7, 10, 0),
(1590, 2, 7, 10, 0),
(412, 2, 7, 11, 0),
(1620, 2, 7, 11, 0),
(427, 2, 7, 12, 0),
(1650, 2, 7, 12, 0),
(442, 2, 7, 13, 0),
(1680, 2, 7, 13, 0),
(457, 2, 7, 14, 0),
(1710, 2, 7, 14, 0),
(472, 2, 7, 15, 0),
(1740, 2, 7, 15, 0),
(487, 2, 7, 16, 0),
(1770, 2, 7, 16, 0),
(502, 2, 7, 17, 0),
(1800, 2, 7, 17, 0),
(517, 2, 7, 18, 0),
(1830, 2, 7, 18, 0),
(532, 2, 7, 19, 0),
(1860, 2, 7, 19, 0),
(547, 2, 7, 20, 0),
(1890, 2, 7, 20, 0),
(263, 2, 8, 1, 0),
(1322, 2, 8, 1, 0),
(278, 2, 8, 2, 0),
(1352, 2, 8, 2, 0),
(293, 2, 8, 3, 0),
(1382, 2, 8, 3, 0),
(308, 2, 8, 4, 0),
(1412, 2, 8, 4, 0),
(323, 2, 8, 5, 0),
(1442, 2, 8, 5, 0),
(338, 2, 8, 6, 0),
(1472, 2, 8, 6, 0),
(353, 2, 8, 7, 0),
(1502, 2, 8, 7, 0),
(368, 2, 8, 8, 0),
(1532, 2, 8, 8, 0),
(383, 2, 8, 9, 0),
(1562, 2, 8, 9, 0),
(398, 2, 8, 10, 0),
(1592, 2, 8, 10, 0),
(413, 2, 8, 11, 0),
(1622, 2, 8, 11, 0),
(428, 2, 8, 12, 0),
(1652, 2, 8, 12, 0),
(443, 2, 8, 13, 0),
(1682, 2, 8, 13, 0),
(458, 2, 8, 14, 0),
(1712, 2, 8, 14, 0),
(473, 2, 8, 15, 0),
(1742, 2, 8, 15, 0),
(488, 2, 8, 16, 0),
(1772, 2, 8, 16, 0),
(503, 2, 8, 17, 0),
(1802, 2, 8, 17, 0),
(518, 2, 8, 18, 0),
(1832, 2, 8, 18, 0),
(533, 2, 8, 19, 0),
(1862, 2, 8, 19, 0),
(548, 2, 8, 20, 0),
(1892, 2, 8, 20, 0),
(264, 2, 9, 1, 0),
(1324, 2, 9, 1, 0),
(279, 2, 9, 2, 0),
(1354, 2, 9, 2, 0),
(294, 2, 9, 3, 0),
(1384, 2, 9, 3, 0),
(309, 2, 9, 4, 0),
(1414, 2, 9, 4, 0),
(324, 2, 9, 5, 0),
(1444, 2, 9, 5, 0),
(339, 2, 9, 6, 0),
(1474, 2, 9, 6, 0),
(354, 2, 9, 7, 0),
(1504, 2, 9, 7, 0),
(369, 2, 9, 8, 0),
(1534, 2, 9, 8, 0),
(384, 2, 9, 9, 0),
(1564, 2, 9, 9, 0),
(399, 2, 9, 10, 0),
(1594, 2, 9, 10, 0),
(414, 2, 9, 11, 0),
(1624, 2, 9, 11, 0),
(429, 2, 9, 12, 0),
(1654, 2, 9, 12, 0),
(444, 2, 9, 13, 0),
(1684, 2, 9, 13, 0),
(459, 2, 9, 14, 0),
(1714, 2, 9, 14, 0),
(474, 2, 9, 15, 0),
(1744, 2, 9, 15, 0),
(489, 2, 9, 16, 0),
(1774, 2, 9, 16, 0),
(504, 2, 9, 17, 0),
(1804, 2, 9, 17, 0),
(519, 2, 9, 18, 0),
(1834, 2, 9, 18, 0),
(534, 2, 9, 19, 0),
(1864, 2, 9, 19, 0),
(549, 2, 9, 20, 0),
(1894, 2, 9, 20, 0),
(265, 2, 10, 1, 0),
(1326, 2, 10, 1, 0),
(280, 2, 10, 2, 0),
(1356, 2, 10, 2, 0),
(295, 2, 10, 3, 0),
(1386, 2, 10, 3, 0),
(310, 2, 10, 4, 0),
(1416, 2, 10, 4, 0),
(325, 2, 10, 5, 0),
(1446, 2, 10, 5, 0),
(340, 2, 10, 6, 0),
(1476, 2, 10, 6, 0),
(355, 2, 10, 7, 0),
(1506, 2, 10, 7, 0),
(370, 2, 10, 8, 0),
(1536, 2, 10, 8, 0),
(385, 2, 10, 9, 0),
(1566, 2, 10, 9, 0),
(400, 2, 10, 10, 0),
(1596, 2, 10, 10, 0),
(415, 2, 10, 11, 0),
(1626, 2, 10, 11, 0),
(430, 2, 10, 12, 0),
(1656, 2, 10, 12, 0),
(445, 2, 10, 13, 0),
(1686, 2, 10, 13, 0),
(460, 2, 10, 14, 0),
(1716, 2, 10, 14, 0),
(475, 2, 10, 15, 0),
(1746, 2, 10, 15, 0),
(490, 2, 10, 16, 0),
(1776, 2, 10, 16, 0),
(505, 2, 10, 17, 0),
(1806, 2, 10, 17, 0),
(520, 2, 10, 18, 0),
(1836, 2, 10, 18, 0),
(535, 2, 10, 19, 0),
(1866, 2, 10, 19, 0),
(550, 2, 10, 20, 0),
(1896, 2, 10, 20, 0),
(266, 2, 11, 1, 0),
(1328, 2, 11, 1, 0),
(281, 2, 11, 2, 0),
(1358, 2, 11, 2, 0),
(296, 2, 11, 3, 0),
(1388, 2, 11, 3, 0),
(311, 2, 11, 4, 0),
(1418, 2, 11, 4, 0),
(326, 2, 11, 5, 0),
(1448, 2, 11, 5, 0),
(341, 2, 11, 6, 0),
(1478, 2, 11, 6, 0),
(356, 2, 11, 7, 0),
(1508, 2, 11, 7, 0),
(371, 2, 11, 8, 0),
(1538, 2, 11, 8, 0),
(386, 2, 11, 9, 0),
(1568, 2, 11, 9, 0),
(401, 2, 11, 10, 0),
(1598, 2, 11, 10, 0),
(416, 2, 11, 11, 0),
(1628, 2, 11, 11, 0),
(431, 2, 11, 12, 0),
(1658, 2, 11, 12, 0),
(446, 2, 11, 13, 0),
(1688, 2, 11, 13, 0),
(461, 2, 11, 14, 0),
(1718, 2, 11, 14, 0),
(476, 2, 11, 15, 0),
(1748, 2, 11, 15, 0),
(491, 2, 11, 16, 0),
(1778, 2, 11, 16, 0),
(506, 2, 11, 17, 0),
(1808, 2, 11, 17, 0),
(521, 2, 11, 18, 0),
(1838, 2, 11, 18, 0),
(536, 2, 11, 19, 0),
(1868, 2, 11, 19, 0),
(551, 2, 11, 20, 0),
(1898, 2, 11, 20, 0),
(267, 2, 12, 1, 0),
(1330, 2, 12, 1, 0),
(282, 2, 12, 2, 0),
(1360, 2, 12, 2, 0),
(297, 2, 12, 3, 0),
(1390, 2, 12, 3, 0),
(312, 2, 12, 4, 0),
(1420, 2, 12, 4, 0),
(327, 2, 12, 5, 0),
(1450, 2, 12, 5, 0),
(342, 2, 12, 6, 0),
(1480, 2, 12, 6, 0),
(357, 2, 12, 7, 0),
(1510, 2, 12, 7, 0),
(372, 2, 12, 8, 0),
(1540, 2, 12, 8, 0),
(387, 2, 12, 9, 0),
(1570, 2, 12, 9, 0),
(402, 2, 12, 10, 0),
(1600, 2, 12, 10, 0),
(417, 2, 12, 11, 0),
(1630, 2, 12, 11, 0),
(432, 2, 12, 12, 0),
(1660, 2, 12, 12, 0),
(447, 2, 12, 13, 0),
(1690, 2, 12, 13, 0),
(462, 2, 12, 14, 0),
(1720, 2, 12, 14, 0),
(477, 2, 12, 15, 0),
(1750, 2, 12, 15, 0),
(492, 2, 12, 16, 0),
(1780, 2, 12, 16, 0),
(507, 2, 12, 17, 0),
(1810, 2, 12, 17, 0),
(522, 2, 12, 18, 0),
(1840, 2, 12, 18, 0),
(537, 2, 12, 19, 0),
(1870, 2, 12, 19, 0),
(552, 2, 12, 20, 0),
(1900, 2, 12, 20, 0),
(268, 2, 13, 1, 0),
(1332, 2, 13, 1, 0),
(283, 2, 13, 2, 0),
(1362, 2, 13, 2, 0),
(298, 2, 13, 3, 0),
(1392, 2, 13, 3, 0),
(313, 2, 13, 4, 0),
(1422, 2, 13, 4, 0),
(328, 2, 13, 5, 0),
(1452, 2, 13, 5, 0),
(343, 2, 13, 6, 0),
(1482, 2, 13, 6, 0),
(358, 2, 13, 7, 0),
(1512, 2, 13, 7, 0),
(373, 2, 13, 8, 0),
(1542, 2, 13, 8, 0),
(388, 2, 13, 9, 0),
(1572, 2, 13, 9, 0),
(403, 2, 13, 10, 0),
(1602, 2, 13, 10, 0),
(418, 2, 13, 11, 0),
(1632, 2, 13, 11, 0),
(433, 2, 13, 12, 0),
(1662, 2, 13, 12, 0),
(448, 2, 13, 13, 0),
(1692, 2, 13, 13, 0),
(463, 2, 13, 14, 0),
(1722, 2, 13, 14, 0),
(478, 2, 13, 15, 0),
(1752, 2, 13, 15, 0),
(493, 2, 13, 16, 0),
(1782, 2, 13, 16, 0),
(508, 2, 13, 17, 0),
(1812, 2, 13, 17, 0),
(523, 2, 13, 18, 0),
(1842, 2, 13, 18, 0),
(538, 2, 13, 19, 0),
(1872, 2, 13, 19, 0),
(553, 2, 13, 20, 0),
(1902, 2, 13, 20, 0),
(269, 2, 14, 1, 0),
(1334, 2, 14, 1, 0),
(284, 2, 14, 2, 0),
(1364, 2, 14, 2, 0),
(299, 2, 14, 3, 0),
(1394, 2, 14, 3, 0),
(314, 2, 14, 4, 0),
(1424, 2, 14, 4, 0),
(329, 2, 14, 5, 0),
(1454, 2, 14, 5, 0),
(344, 2, 14, 6, 0),
(1484, 2, 14, 6, 0),
(359, 2, 14, 7, 0),
(1514, 2, 14, 7, 0),
(374, 2, 14, 8, 0),
(1544, 2, 14, 8, 0),
(389, 2, 14, 9, 0),
(1574, 2, 14, 9, 0),
(404, 2, 14, 10, 0),
(1604, 2, 14, 10, 0),
(419, 2, 14, 11, 0),
(1634, 2, 14, 11, 0),
(434, 2, 14, 12, 0),
(1664, 2, 14, 12, 0),
(449, 2, 14, 13, 0),
(1694, 2, 14, 13, 0),
(464, 2, 14, 14, 0),
(1724, 2, 14, 14, 0),
(479, 2, 14, 15, 0),
(1754, 2, 14, 15, 0),
(494, 2, 14, 16, 0),
(1784, 2, 14, 16, 0),
(509, 2, 14, 17, 0),
(1814, 2, 14, 17, 0),
(524, 2, 14, 18, 0),
(1844, 2, 14, 18, 0),
(539, 2, 14, 19, 0),
(1874, 2, 14, 19, 0),
(554, 2, 14, 20, 0),
(1904, 2, 14, 20, 0),
(270, 2, 15, 1, 0),
(1336, 2, 15, 1, 0),
(285, 2, 15, 2, 0),
(1366, 2, 15, 2, 0),
(300, 2, 15, 3, 0),
(1396, 2, 15, 3, 0),
(315, 2, 15, 4, 0),
(1426, 2, 15, 4, 0),
(330, 2, 15, 5, 0),
(1456, 2, 15, 5, 0),
(345, 2, 15, 6, 0),
(1486, 2, 15, 6, 0),
(360, 2, 15, 7, 0),
(1516, 2, 15, 7, 0),
(375, 2, 15, 8, 0),
(1546, 2, 15, 8, 0),
(390, 2, 15, 9, 0),
(1576, 2, 15, 9, 0),
(405, 2, 15, 10, 0),
(1606, 2, 15, 10, 0),
(420, 2, 15, 11, 0),
(1636, 2, 15, 11, 0),
(435, 2, 15, 12, 0),
(1666, 2, 15, 12, 0),
(450, 2, 15, 13, 0),
(1696, 2, 15, 13, 0),
(465, 2, 15, 14, 0),
(1726, 2, 15, 14, 0),
(480, 2, 15, 15, 0),
(1756, 2, 15, 15, 0),
(495, 2, 15, 16, 0),
(1786, 2, 15, 16, 0),
(510, 2, 15, 17, 0),
(1816, 2, 15, 17, 0),
(525, 2, 15, 18, 0),
(1846, 2, 15, 18, 0),
(540, 2, 15, 19, 0),
(1876, 2, 15, 19, 0),
(555, 2, 15, 20, 0),
(1906, 2, 15, 20, 0),
(767, 3, 1, 1, 0),
(2331, 3, 1, 1, 0),
(787, 3, 1, 2, 0),
(2371, 3, 1, 2, 0),
(807, 3, 1, 3, 0),
(2411, 3, 1, 3, 0),
(827, 3, 1, 4, 0),
(2451, 3, 1, 4, 0),
(847, 3, 1, 5, 0),
(2491, 3, 1, 5, 0),
(867, 3, 1, 6, 0),
(2531, 3, 1, 6, 0),
(887, 3, 1, 7, 0),
(2571, 3, 1, 7, 0),
(907, 3, 1, 8, 0),
(2611, 3, 1, 8, 0),
(927, 3, 1, 9, 0),
(2651, 3, 1, 9, 0),
(947, 3, 1, 10, 0),
(2691, 3, 1, 10, 0),
(769, 3, 2, 1, 0),
(2335, 3, 2, 1, 0),
(789, 3, 2, 2, 0),
(2375, 3, 2, 2, 0),
(809, 3, 2, 3, 0),
(2415, 3, 2, 3, 0),
(829, 3, 2, 4, 0),
(2455, 3, 2, 4, 0),
(849, 3, 2, 5, 0),
(2495, 3, 2, 5, 0),
(869, 3, 2, 6, 0),
(2535, 3, 2, 6, 0),
(889, 3, 2, 7, 0),
(2575, 3, 2, 7, 0),
(909, 3, 2, 8, 0),
(2615, 3, 2, 8, 0),
(929, 3, 2, 9, 0),
(2655, 3, 2, 9, 0),
(949, 3, 2, 10, 0),
(2695, 3, 2, 10, 0),
(771, 3, 3, 1, 0),
(2339, 3, 3, 1, 0),
(791, 3, 3, 2, 0),
(2379, 3, 3, 2, 0),
(811, 3, 3, 3, 0),
(2419, 3, 3, 3, 0),
(831, 3, 3, 4, 0),
(2459, 3, 3, 4, 0),
(851, 3, 3, 5, 0),
(2499, 3, 3, 5, 0),
(871, 3, 3, 6, 0),
(2539, 3, 3, 6, 0),
(891, 3, 3, 7, 0),
(2579, 3, 3, 7, 0),
(911, 3, 3, 8, 0),
(2619, 3, 3, 8, 0),
(931, 3, 3, 9, 0),
(2659, 3, 3, 9, 0),
(951, 3, 3, 10, 0),
(2699, 3, 3, 10, 0),
(773, 3, 4, 1, 0),
(2343, 3, 4, 1, 0),
(793, 3, 4, 2, 0),
(2383, 3, 4, 2, 0),
(813, 3, 4, 3, 0),
(2423, 3, 4, 3, 0),
(833, 3, 4, 4, 0),
(2463, 3, 4, 4, 0),
(853, 3, 4, 5, 0),
(2503, 3, 4, 5, 0),
(873, 3, 4, 6, 0),
(2543, 3, 4, 6, 0),
(893, 3, 4, 7, 0),
(2583, 3, 4, 7, 0),
(913, 3, 4, 8, 0),
(2623, 3, 4, 8, 0),
(933, 3, 4, 9, 0),
(2663, 3, 4, 9, 0),
(953, 3, 4, 10, 0),
(2703, 3, 4, 10, 0),
(775, 3, 5, 1, 0),
(2347, 3, 5, 1, 0),
(795, 3, 5, 2, 0),
(2387, 3, 5, 2, 0),
(815, 3, 5, 3, 0),
(2427, 3, 5, 3, 0),
(835, 3, 5, 4, 0),
(2467, 3, 5, 4, 0),
(855, 3, 5, 5, 0),
(2507, 3, 5, 5, 0),
(875, 3, 5, 6, 0),
(2547, 3, 5, 6, 0),
(895, 3, 5, 7, 0),
(2587, 3, 5, 7, 0),
(915, 3, 5, 8, 0),
(2627, 3, 5, 8, 0),
(935, 3, 5, 9, 0),
(2667, 3, 5, 9, 0),
(955, 3, 5, 10, 0),
(2707, 3, 5, 10, 0),
(777, 3, 6, 1, 0),
(2351, 3, 6, 1, 0),
(797, 3, 6, 2, 0),
(2391, 3, 6, 2, 0),
(817, 3, 6, 3, 0),
(2431, 3, 6, 3, 0),
(837, 3, 6, 4, 0),
(2471, 3, 6, 4, 0),
(857, 3, 6, 5, 0),
(2511, 3, 6, 5, 0),
(877, 3, 6, 6, 0),
(2551, 3, 6, 6, 0),
(897, 3, 6, 7, 0),
(2591, 3, 6, 7, 0),
(917, 3, 6, 8, 0),
(2631, 3, 6, 8, 0),
(937, 3, 6, 9, 0),
(2671, 3, 6, 9, 0),
(957, 3, 6, 10, 0),
(2711, 3, 6, 10, 0),
(779, 3, 7, 1, 0),
(2355, 3, 7, 1, 0),
(799, 3, 7, 2, 0),
(2395, 3, 7, 2, 0),
(819, 3, 7, 3, 0),
(2435, 3, 7, 3, 0),
(839, 3, 7, 4, 0),
(2475, 3, 7, 4, 0),
(859, 3, 7, 5, 0),
(2515, 3, 7, 5, 0),
(879, 3, 7, 6, 0),
(2555, 3, 7, 6, 0),
(899, 3, 7, 7, 0),
(2595, 3, 7, 7, 0),
(919, 3, 7, 8, 0),
(2635, 3, 7, 8, 0),
(939, 3, 7, 9, 0),
(2675, 3, 7, 9, 0),
(959, 3, 7, 10, 0),
(2715, 3, 7, 10, 0),
(781, 3, 8, 1, 0),
(2359, 3, 8, 1, 0),
(801, 3, 8, 2, 0),
(2399, 3, 8, 2, 0),
(821, 3, 8, 3, 0),
(2439, 3, 8, 3, 0),
(841, 3, 8, 4, 0),
(2479, 3, 8, 4, 0),
(861, 3, 8, 5, 0),
(2519, 3, 8, 5, 0),
(881, 3, 8, 6, 0),
(2559, 3, 8, 6, 0),
(901, 3, 8, 7, 0),
(2599, 3, 8, 7, 0),
(921, 3, 8, 8, 0),
(2639, 3, 8, 8, 0),
(941, 3, 8, 9, 0),
(2679, 3, 8, 9, 0),
(961, 3, 8, 10, 0),
(2719, 3, 8, 10, 0),
(783, 3, 9, 1, 0),
(2363, 3, 9, 1, 0),
(803, 3, 9, 2, 0),
(2403, 3, 9, 2, 0),
(823, 3, 9, 3, 0),
(2443, 3, 9, 3, 0),
(843, 3, 9, 4, 0),
(2483, 3, 9, 4, 0),
(863, 3, 9, 5, 0),
(2523, 3, 9, 5, 0),
(883, 3, 9, 6, 0),
(2563, 3, 9, 6, 0),
(903, 3, 9, 7, 0),
(2603, 3, 9, 7, 0),
(923, 3, 9, 8, 0),
(2643, 3, 9, 8, 0),
(943, 3, 9, 9, 0),
(2683, 3, 9, 9, 0),
(963, 3, 9, 10, 0),
(2723, 3, 9, 10, 0),
(785, 3, 10, 1, 0),
(2367, 3, 10, 1, 0),
(805, 3, 10, 2, 0),
(2407, 3, 10, 2, 0),
(825, 3, 10, 3, 0),
(2447, 3, 10, 3, 0),
(845, 3, 10, 4, 0),
(2487, 3, 10, 4, 0),
(865, 3, 10, 5, 0),
(2527, 3, 10, 5, 0),
(885, 3, 10, 6, 0),
(2567, 3, 10, 6, 0),
(905, 3, 10, 7, 0),
(2607, 3, 10, 7, 0),
(925, 3, 10, 8, 0),
(2647, 3, 10, 8, 0),
(945, 3, 10, 9, 0),
(2687, 3, 10, 9, 0),
(965, 3, 10, 10, 0),
(2727, 3, 10, 10, 0),
(768, 4, 1, 1, 0),
(2332, 4, 1, 1, 0),
(788, 4, 1, 2, 0),
(2372, 4, 1, 2, 0),
(808, 4, 1, 3, 0),
(2412, 4, 1, 3, 0),
(828, 4, 1, 4, 0),
(2452, 4, 1, 4, 0),
(848, 4, 1, 5, 0),
(2492, 4, 1, 5, 0),
(868, 4, 1, 6, 0),
(2532, 4, 1, 6, 0),
(888, 4, 1, 7, 0),
(2572, 4, 1, 7, 0),
(908, 4, 1, 8, 0),
(2612, 4, 1, 8, 0),
(928, 4, 1, 9, 0),
(2652, 4, 1, 9, 0),
(948, 4, 1, 10, 0),
(2692, 4, 1, 10, 0),
(770, 4, 2, 1, 0),
(2336, 4, 2, 1, 0),
(790, 4, 2, 2, 0),
(2376, 4, 2, 2, 0),
(810, 4, 2, 3, 0),
(2416, 4, 2, 3, 0),
(830, 4, 2, 4, 0),
(2456, 4, 2, 4, 0),
(850, 4, 2, 5, 0),
(2496, 4, 2, 5, 0),
(870, 4, 2, 6, 0),
(2536, 4, 2, 6, 0),
(890, 4, 2, 7, 0),
(2576, 4, 2, 7, 0),
(910, 4, 2, 8, 0),
(2616, 4, 2, 8, 0),
(930, 4, 2, 9, 0),
(2656, 4, 2, 9, 0),
(950, 4, 2, 10, 0),
(2696, 4, 2, 10, 0),
(772, 4, 3, 1, 0),
(2340, 4, 3, 1, 0),
(792, 4, 3, 2, 0),
(2380, 4, 3, 2, 0),
(812, 4, 3, 3, 0),
(2420, 4, 3, 3, 0),
(832, 4, 3, 4, 0),
(2460, 4, 3, 4, 0),
(852, 4, 3, 5, 0),
(2500, 4, 3, 5, 0),
(872, 4, 3, 6, 0),
(2540, 4, 3, 6, 0),
(892, 4, 3, 7, 0),
(2580, 4, 3, 7, 0),
(912, 4, 3, 8, 0),
(2620, 4, 3, 8, 0),
(932, 4, 3, 9, 0),
(2660, 4, 3, 9, 0),
(952, 4, 3, 10, 0),
(2700, 4, 3, 10, 0),
(774, 4, 4, 1, 0),
(2344, 4, 4, 1, 0),
(794, 4, 4, 2, 0),
(2384, 4, 4, 2, 0),
(814, 4, 4, 3, 0),
(2424, 4, 4, 3, 0),
(834, 4, 4, 4, 0),
(2464, 4, 4, 4, 0),
(854, 4, 4, 5, 0),
(2504, 4, 4, 5, 0),
(874, 4, 4, 6, 0),
(2544, 4, 4, 6, 0),
(894, 4, 4, 7, 0),
(2584, 4, 4, 7, 0),
(914, 4, 4, 8, 0),
(2624, 4, 4, 8, 0),
(934, 4, 4, 9, 0),
(2664, 4, 4, 9, 0),
(954, 4, 4, 10, 0),
(2704, 4, 4, 10, 0),
(776, 4, 5, 1, 0),
(2348, 4, 5, 1, 0),
(796, 4, 5, 2, 0),
(2388, 4, 5, 2, 0),
(816, 4, 5, 3, 0),
(2428, 4, 5, 3, 0),
(836, 4, 5, 4, 0),
(2468, 4, 5, 4, 0),
(856, 4, 5, 5, 0),
(2508, 4, 5, 5, 0),
(876, 4, 5, 6, 0),
(2548, 4, 5, 6, 0),
(896, 4, 5, 7, 0),
(2588, 4, 5, 7, 0),
(916, 4, 5, 8, 0),
(2628, 4, 5, 8, 0),
(936, 4, 5, 9, 0),
(2668, 4, 5, 9, 0),
(956, 4, 5, 10, 0),
(2708, 4, 5, 10, 0),
(778, 4, 6, 1, 0),
(2352, 4, 6, 1, 0),
(798, 4, 6, 2, 0),
(2392, 4, 6, 2, 0),
(818, 4, 6, 3, 0),
(2432, 4, 6, 3, 0),
(838, 4, 6, 4, 0),
(2472, 4, 6, 4, 0),
(858, 4, 6, 5, 0),
(2512, 4, 6, 5, 0),
(878, 4, 6, 6, 0),
(2552, 4, 6, 6, 0),
(898, 4, 6, 7, 0),
(2592, 4, 6, 7, 0),
(918, 4, 6, 8, 0),
(2632, 4, 6, 8, 0),
(938, 4, 6, 9, 0),
(2672, 4, 6, 9, 0),
(958, 4, 6, 10, 0),
(2712, 4, 6, 10, 0),
(780, 4, 7, 1, 0),
(2356, 4, 7, 1, 0),
(800, 4, 7, 2, 0),
(2396, 4, 7, 2, 0),
(820, 4, 7, 3, 0),
(2436, 4, 7, 3, 0),
(840, 4, 7, 4, 0),
(2476, 4, 7, 4, 0),
(860, 4, 7, 5, 0),
(2516, 4, 7, 5, 0),
(880, 4, 7, 6, 0),
(2556, 4, 7, 6, 0),
(900, 4, 7, 7, 0),
(2596, 4, 7, 7, 0),
(920, 4, 7, 8, 0),
(2636, 4, 7, 8, 0),
(940, 4, 7, 9, 0),
(2676, 4, 7, 9, 0),
(960, 4, 7, 10, 0),
(2716, 4, 7, 10, 0),
(782, 4, 8, 1, 0),
(2360, 4, 8, 1, 0),
(802, 4, 8, 2, 0),
(2400, 4, 8, 2, 0),
(822, 4, 8, 3, 0),
(2440, 4, 8, 3, 0),
(842, 4, 8, 4, 0),
(2480, 4, 8, 4, 0),
(862, 4, 8, 5, 0),
(2520, 4, 8, 5, 0),
(882, 4, 8, 6, 0),
(2560, 4, 8, 6, 0),
(902, 4, 8, 7, 0),
(2600, 4, 8, 7, 0),
(922, 4, 8, 8, 0),
(2640, 4, 8, 8, 0),
(942, 4, 8, 9, 0),
(2680, 4, 8, 9, 0),
(962, 4, 8, 10, 0),
(2720, 4, 8, 10, 0),
(784, 4, 9, 1, 0),
(2364, 4, 9, 1, 0),
(804, 4, 9, 2, 0),
(2404, 4, 9, 2, 0),
(824, 4, 9, 3, 0),
(2444, 4, 9, 3, 0),
(844, 4, 9, 4, 0),
(2484, 4, 9, 4, 0),
(864, 4, 9, 5, 0),
(2524, 4, 9, 5, 0),
(884, 4, 9, 6, 0),
(2564, 4, 9, 6, 0),
(904, 4, 9, 7, 0),
(2604, 4, 9, 7, 0),
(924, 4, 9, 8, 0),
(2644, 4, 9, 8, 0),
(944, 4, 9, 9, 0),
(2684, 4, 9, 9, 0),
(964, 4, 9, 10, 0),
(2724, 4, 9, 10, 0),
(786, 4, 10, 1, 0),
(2368, 4, 10, 1, 0),
(806, 4, 10, 2, 0),
(2408, 4, 10, 2, 0),
(826, 4, 10, 3, 0),
(2448, 4, 10, 3, 0),
(846, 4, 10, 4, 0),
(2488, 4, 10, 4, 0),
(866, 4, 10, 5, 0),
(2528, 4, 10, 5, 0),
(886, 4, 10, 6, 0),
(2568, 4, 10, 6, 0),
(906, 4, 10, 7, 0),
(2608, 4, 10, 7, 0),
(926, 4, 10, 8, 0),
(2648, 4, 10, 8, 0),
(946, 4, 10, 9, 0),
(2688, 4, 10, 9, 0),
(966, 4, 10, 10, 0),
(2728, 4, 10, 10, 0),
(2, 5, 1, 1, 0),
(1022, 5, 1, 1, 0),
(2842, 5, 1, 1, 0),
(22, 5, 1, 2, 0),
(1027, 5, 1, 2, 0),
(2844, 5, 1, 2, 0),
(42, 5, 1, 3, 0),
(1032, 5, 1, 3, 0),
(2846, 5, 1, 3, 0),
(62, 5, 1, 4, 0),
(1037, 5, 1, 4, 0),
(2848, 5, 1, 4, 0),
(82, 5, 1, 5, 0),
(1042, 5, 1, 5, 0),
(2850, 5, 1, 5, 0),
(102, 5, 1, 6, 0),
(122, 5, 1, 7, 0),
(142, 5, 1, 8, 0),
(162, 5, 1, 9, 0),
(182, 5, 1, 10, 0),
(4, 5, 2, 1, 0),
(1023, 5, 2, 1, 0),
(2852, 5, 2, 1, 0),
(24, 5, 2, 2, 0),
(1028, 5, 2, 2, 0),
(2854, 5, 2, 2, 0),
(44, 5, 2, 3, 0),
(1033, 5, 2, 3, 0),
(2856, 5, 2, 3, 0),
(64, 5, 2, 4, 0),
(1038, 5, 2, 4, 0),
(2858, 5, 2, 4, 0),
(84, 5, 2, 5, 0),
(1043, 5, 2, 5, 0),
(2860, 5, 2, 5, 0),
(104, 5, 2, 6, 0),
(124, 5, 2, 7, 0),
(144, 5, 2, 8, 0),
(164, 5, 2, 9, 0),
(184, 5, 2, 10, 0),
(6, 5, 3, 1, 0),
(1024, 5, 3, 1, 0),
(2862, 5, 3, 1, 0),
(26, 5, 3, 2, 0),
(1029, 5, 3, 2, 0),
(2864, 5, 3, 2, 0),
(46, 5, 3, 3, 0),
(1034, 5, 3, 3, 0),
(2866, 5, 3, 3, 0),
(66, 5, 3, 4, 0),
(1039, 5, 3, 4, 0),
(2868, 5, 3, 4, 0),
(86, 5, 3, 5, 0),
(1044, 5, 3, 5, 0),
(2870, 5, 3, 5, 0),
(106, 5, 3, 6, 0),
(126, 5, 3, 7, 0),
(146, 5, 3, 8, 0),
(166, 5, 3, 9, 0),
(186, 5, 3, 10, 0),
(8, 5, 4, 1, 0),
(1025, 5, 4, 1, 0),
(2872, 5, 4, 1, 0),
(28, 5, 4, 2, 0),
(1030, 5, 4, 2, 0),
(2874, 5, 4, 2, 0),
(48, 5, 4, 3, 0),
(1035, 5, 4, 3, 0),
(2876, 5, 4, 3, 0),
(68, 5, 4, 4, 0),
(1040, 5, 4, 4, 0),
(2878, 5, 4, 4, 0),
(88, 5, 4, 5, 0),
(1045, 5, 4, 5, 0),
(2880, 5, 4, 5, 0),
(108, 5, 4, 6, 0),
(128, 5, 4, 7, 0),
(148, 5, 4, 8, 0),
(168, 5, 4, 9, 0),
(188, 5, 4, 10, 0),
(10, 5, 5, 1, 0),
(1026, 5, 5, 1, 0),
(2882, 5, 5, 1, 0),
(30, 5, 5, 2, 0),
(1031, 5, 5, 2, 0),
(2884, 5, 5, 2, 0),
(50, 5, 5, 3, 0),
(1036, 5, 5, 3, 0),
(2886, 5, 5, 3, 0),
(70, 5, 5, 4, 0),
(1041, 5, 5, 4, 0),
(2888, 5, 5, 4, 0),
(90, 5, 5, 5, 0),
(1046, 5, 5, 5, 0),
(2890, 5, 5, 5, 0),
(110, 5, 5, 6, 0),
(130, 5, 5, 7, 0),
(150, 5, 5, 8, 0),
(170, 5, 5, 9, 0),
(190, 5, 5, 10, 0),
(12, 5, 6, 1, 0),
(32, 5, 6, 2, 0),
(52, 5, 6, 3, 0),
(72, 5, 6, 4, 0),
(92, 5, 6, 5, 0),
(112, 5, 6, 6, 0),
(132, 5, 6, 7, 0),
(152, 5, 6, 8, 0),
(172, 5, 6, 9, 0),
(192, 5, 6, 10, 0),
(14, 5, 7, 1, 0),
(34, 5, 7, 2, 0),
(54, 5, 7, 3, 0),
(74, 5, 7, 4, 0),
(94, 5, 7, 5, 0),
(114, 5, 7, 6, 0),
(134, 5, 7, 7, 0),
(154, 5, 7, 8, 0),
(174, 5, 7, 9, 0),
(194, 5, 7, 10, 0),
(16, 5, 8, 1, 0),
(36, 5, 8, 2, 0),
(56, 5, 8, 3, 0),
(76, 5, 8, 4, 0),
(96, 5, 8, 5, 0),
(116, 5, 8, 6, 0),
(136, 5, 8, 7, 0),
(156, 5, 8, 8, 0),
(176, 5, 8, 9, 0),
(196, 5, 8, 10, 0),
(18, 5, 9, 1, 0),
(38, 5, 9, 2, 0),
(58, 5, 9, 3, 0),
(78, 5, 9, 4, 0),
(98, 5, 9, 5, 0),
(118, 5, 9, 6, 0),
(138, 5, 9, 7, 0),
(158, 5, 9, 8, 0),
(178, 5, 9, 9, 0),
(198, 5, 9, 10, 0),
(20, 5, 10, 1, 0),
(40, 5, 10, 2, 0),
(60, 5, 10, 3, 0),
(80, 5, 10, 4, 0),
(100, 5, 10, 5, 0),
(120, 5, 10, 6, 0),
(140, 5, 10, 7, 0),
(160, 5, 10, 8, 0),
(180, 5, 10, 9, 0),
(200, 5, 10, 10, 0),
(1054, 6, 1, 1, 0),
(1074, 6, 1, 2, 0),
(1094, 6, 1, 3, 0),
(1114, 6, 1, 4, 0),
(1134, 6, 1, 5, 0),
(1154, 6, 1, 6, 0),
(1174, 6, 1, 7, 0),
(1194, 6, 1, 8, 0),
(1214, 6, 1, 9, 0),
(1234, 6, 1, 10, 0),
(1056, 6, 2, 1, 0),
(1076, 6, 2, 2, 0),
(1096, 6, 2, 3, 0),
(1116, 6, 2, 4, 0),
(1136, 6, 2, 5, 0),
(1156, 6, 2, 6, 0),
(1176, 6, 2, 7, 0),
(1196, 6, 2, 8, 0),
(1216, 6, 2, 9, 0),
(1236, 6, 2, 10, 0),
(1058, 6, 3, 1, 0),
(1078, 6, 3, 2, 0),
(1098, 6, 3, 3, 0),
(1118, 6, 3, 4, 0),
(1138, 6, 3, 5, 0),
(1158, 6, 3, 6, 0),
(1178, 6, 3, 7, 0),
(1198, 6, 3, 8, 0),
(1218, 6, 3, 9, 0),
(1238, 6, 3, 10, 0),
(1060, 6, 4, 1, 0),
(1080, 6, 4, 2, 0),
(1100, 6, 4, 3, 0),
(1120, 6, 4, 4, 0),
(1140, 6, 4, 5, 0),
(1160, 6, 4, 6, 0),
(1180, 6, 4, 7, 0),
(1200, 6, 4, 8, 0),
(1220, 6, 4, 9, 0),
(1240, 6, 4, 10, 0),
(1062, 6, 5, 1, 0),
(1082, 6, 5, 2, 0),
(1102, 6, 5, 3, 0),
(1122, 6, 5, 4, 0),
(1142, 6, 5, 5, 0),
(1162, 6, 5, 6, 0),
(1182, 6, 5, 7, 0),
(1202, 6, 5, 8, 0),
(1222, 6, 5, 9, 0),
(1242, 6, 5, 10, 0),
(1064, 6, 6, 1, 0),
(1084, 6, 6, 2, 0),
(1104, 6, 6, 3, 0),
(1124, 6, 6, 4, 0),
(1144, 6, 6, 5, 0),
(1164, 6, 6, 6, 0),
(1184, 6, 6, 7, 0),
(1204, 6, 6, 8, 0),
(1224, 6, 6, 9, 0),
(1244, 6, 6, 10, 0),
(1066, 6, 7, 1, 0),
(1086, 6, 7, 2, 0),
(1106, 6, 7, 3, 0),
(1126, 6, 7, 4, 0),
(1146, 6, 7, 5, 0),
(1166, 6, 7, 6, 0),
(1186, 6, 7, 7, 0),
(1206, 6, 7, 8, 0),
(1226, 6, 7, 9, 0),
(1246, 6, 7, 10, 0),
(1068, 6, 8, 1, 0),
(1088, 6, 8, 2, 0),
(1108, 6, 8, 3, 0),
(1128, 6, 8, 4, 0),
(1148, 6, 8, 5, 0),
(1168, 6, 8, 6, 0),
(1188, 6, 8, 7, 0),
(1208, 6, 8, 8, 0),
(1228, 6, 8, 9, 0),
(1248, 6, 8, 10, 0),
(1070, 6, 9, 1, 0),
(1090, 6, 9, 2, 0),
(1110, 6, 9, 3, 0),
(1130, 6, 9, 4, 0),
(1150, 6, 9, 5, 0),
(1170, 6, 9, 6, 0),
(1190, 6, 9, 7, 0),
(1210, 6, 9, 8, 0),
(1230, 6, 9, 9, 0),
(1250, 6, 9, 10, 0),
(1072, 6, 10, 1, 0),
(1092, 6, 10, 2, 0),
(1112, 6, 10, 3, 0),
(1132, 6, 10, 4, 0),
(1152, 6, 10, 5, 0),
(1172, 6, 10, 6, 0),
(1192, 6, 10, 7, 0),
(1212, 6, 10, 8, 0),
(1232, 6, 10, 9, 0),
(1252, 6, 10, 10, 0),
(1309, 7, 1, 1, 0),
(1339, 7, 1, 2, 0),
(1369, 7, 1, 3, 0),
(1399, 7, 1, 4, 0),
(1429, 7, 1, 5, 0),
(1459, 7, 1, 6, 0),
(1489, 7, 1, 7, 0),
(1519, 7, 1, 8, 0),
(1549, 7, 1, 9, 0),
(1579, 7, 1, 10, 0),
(1609, 7, 1, 11, 0),
(1639, 7, 1, 12, 0),
(1669, 7, 1, 13, 0),
(1699, 7, 1, 14, 0),
(1729, 7, 1, 15, 0),
(1759, 7, 1, 16, 0),
(1789, 7, 1, 17, 0),
(1819, 7, 1, 18, 0),
(1849, 7, 1, 19, 0),
(1879, 7, 1, 20, 0),
(1311, 7, 2, 1, 0),
(1341, 7, 2, 2, 0),
(1371, 7, 2, 3, 0),
(1401, 7, 2, 4, 0),
(1431, 7, 2, 5, 0),
(1461, 7, 2, 6, 0),
(1491, 7, 2, 7, 0),
(1521, 7, 2, 8, 0),
(1551, 7, 2, 9, 0),
(1581, 7, 2, 10, 0),
(1611, 7, 2, 11, 0),
(1641, 7, 2, 12, 0),
(1671, 7, 2, 13, 0),
(1701, 7, 2, 14, 0),
(1731, 7, 2, 15, 0),
(1761, 7, 2, 16, 0),
(1791, 7, 2, 17, 0),
(1821, 7, 2, 18, 0),
(1851, 7, 2, 19, 0),
(1881, 7, 2, 20, 0),
(1313, 7, 3, 1, 0),
(1343, 7, 3, 2, 0),
(1373, 7, 3, 3, 0),
(1403, 7, 3, 4, 0),
(1433, 7, 3, 5, 0),
(1463, 7, 3, 6, 0),
(1493, 7, 3, 7, 0),
(1523, 7, 3, 8, 0),
(1553, 7, 3, 9, 0),
(1583, 7, 3, 10, 0),
(1613, 7, 3, 11, 0),
(1643, 7, 3, 12, 0),
(1673, 7, 3, 13, 0),
(1703, 7, 3, 14, 0),
(1733, 7, 3, 15, 0),
(1763, 7, 3, 16, 0),
(1793, 7, 3, 17, 0),
(1823, 7, 3, 18, 0),
(1853, 7, 3, 19, 0),
(1883, 7, 3, 20, 0),
(1315, 7, 4, 1, 0),
(1345, 7, 4, 2, 0),
(1375, 7, 4, 3, 0),
(1405, 7, 4, 4, 0),
(1435, 7, 4, 5, 0),
(1465, 7, 4, 6, 0),
(1495, 7, 4, 7, 0),
(1525, 7, 4, 8, 0),
(1555, 7, 4, 9, 0),
(1585, 7, 4, 10, 0),
(1615, 7, 4, 11, 0),
(1645, 7, 4, 12, 0),
(1675, 7, 4, 13, 0),
(1705, 7, 4, 14, 0),
(1735, 7, 4, 15, 0),
(1765, 7, 4, 16, 0),
(1795, 7, 4, 17, 0),
(1825, 7, 4, 18, 0),
(1855, 7, 4, 19, 0),
(1885, 7, 4, 20, 0),
(1317, 7, 5, 1, 0),
(1347, 7, 5, 2, 0),
(1377, 7, 5, 3, 0),
(1407, 7, 5, 4, 0),
(1437, 7, 5, 5, 0),
(1467, 7, 5, 6, 0),
(1497, 7, 5, 7, 0),
(1527, 7, 5, 8, 0),
(1557, 7, 5, 9, 0),
(1587, 7, 5, 10, 0),
(1617, 7, 5, 11, 0),
(1647, 7, 5, 12, 0),
(1677, 7, 5, 13, 0),
(1707, 7, 5, 14, 0),
(1737, 7, 5, 15, 0),
(1767, 7, 5, 16, 0),
(1797, 7, 5, 17, 0),
(1827, 7, 5, 18, 0),
(1857, 7, 5, 19, 0),
(1887, 7, 5, 20, 0),
(1319, 7, 6, 1, 0),
(1349, 7, 6, 2, 0),
(1379, 7, 6, 3, 0),
(1409, 7, 6, 4, 0),
(1439, 7, 6, 5, 0),
(1469, 7, 6, 6, 0),
(1499, 7, 6, 7, 0),
(1529, 7, 6, 8, 0),
(1559, 7, 6, 9, 0),
(1589, 7, 6, 10, 0),
(1619, 7, 6, 11, 0),
(1649, 7, 6, 12, 0),
(1679, 7, 6, 13, 0),
(1709, 7, 6, 14, 0),
(1739, 7, 6, 15, 0),
(1769, 7, 6, 16, 0),
(1799, 7, 6, 17, 0),
(1829, 7, 6, 18, 0),
(1859, 7, 6, 19, 0),
(1889, 7, 6, 20, 0),
(1321, 7, 7, 1, 0),
(1351, 7, 7, 2, 0),
(1381, 7, 7, 3, 0),
(1411, 7, 7, 4, 0),
(1441, 7, 7, 5, 0),
(1471, 7, 7, 6, 0),
(1501, 7, 7, 7, 0),
(1531, 7, 7, 8, 0),
(1561, 7, 7, 9, 0),
(1591, 7, 7, 10, 0),
(1621, 7, 7, 11, 0),
(1651, 7, 7, 12, 0),
(1681, 7, 7, 13, 0),
(1711, 7, 7, 14, 0),
(1741, 7, 7, 15, 0),
(1771, 7, 7, 16, 0),
(1801, 7, 7, 17, 0),
(1831, 7, 7, 18, 0),
(1861, 7, 7, 19, 0),
(1891, 7, 7, 20, 0),
(1323, 7, 8, 1, 0),
(1353, 7, 8, 2, 0),
(1383, 7, 8, 3, 0),
(1413, 7, 8, 4, 0),
(1443, 7, 8, 5, 0),
(1473, 7, 8, 6, 0),
(1503, 7, 8, 7, 0),
(1533, 7, 8, 8, 0),
(1563, 7, 8, 9, 0),
(1593, 7, 8, 10, 0),
(1623, 7, 8, 11, 0),
(1653, 7, 8, 12, 0),
(1683, 7, 8, 13, 0),
(1713, 7, 8, 14, 0),
(1743, 7, 8, 15, 0),
(1773, 7, 8, 16, 0),
(1803, 7, 8, 17, 0),
(1833, 7, 8, 18, 0),
(1863, 7, 8, 19, 0),
(1893, 7, 8, 20, 0),
(1325, 7, 9, 1, 0),
(1355, 7, 9, 2, 0),
(1385, 7, 9, 3, 0),
(1415, 7, 9, 4, 0),
(1445, 7, 9, 5, 0),
(1475, 7, 9, 6, 0),
(1505, 7, 9, 7, 0),
(1535, 7, 9, 8, 0),
(1565, 7, 9, 9, 0),
(1595, 7, 9, 10, 0),
(1625, 7, 9, 11, 0),
(1655, 7, 9, 12, 0),
(1685, 7, 9, 13, 0),
(1715, 7, 9, 14, 0),
(1745, 7, 9, 15, 0),
(1775, 7, 9, 16, 0),
(1805, 7, 9, 17, 0),
(1835, 7, 9, 18, 0),
(1865, 7, 9, 19, 0),
(1895, 7, 9, 20, 0),
(1327, 7, 10, 1, 0),
(1357, 7, 10, 2, 0),
(1387, 7, 10, 3, 0),
(1417, 7, 10, 4, 0),
(1447, 7, 10, 5, 0),
(1477, 7, 10, 6, 0),
(1507, 7, 10, 7, 0),
(1537, 7, 10, 8, 0),
(1567, 7, 10, 9, 0),
(1597, 7, 10, 10, 0),
(1627, 7, 10, 11, 0),
(1657, 7, 10, 12, 0),
(1687, 7, 10, 13, 0),
(1717, 7, 10, 14, 0),
(1747, 7, 10, 15, 0),
(1777, 7, 10, 16, 0),
(1807, 7, 10, 17, 0),
(1837, 7, 10, 18, 0),
(1867, 7, 10, 19, 0),
(1897, 7, 10, 20, 0),
(1329, 7, 11, 1, 0),
(1359, 7, 11, 2, 0),
(1389, 7, 11, 3, 0),
(1419, 7, 11, 4, 0),
(1449, 7, 11, 5, 0),
(1479, 7, 11, 6, 0),
(1509, 7, 11, 7, 0),
(1539, 7, 11, 8, 0),
(1569, 7, 11, 9, 0),
(1599, 7, 11, 10, 0),
(1629, 7, 11, 11, 0),
(1659, 7, 11, 12, 0),
(1689, 7, 11, 13, 0),
(1719, 7, 11, 14, 0),
(1749, 7, 11, 15, 0),
(1779, 7, 11, 16, 0),
(1809, 7, 11, 17, 0),
(1839, 7, 11, 18, 0),
(1869, 7, 11, 19, 0),
(1899, 7, 11, 20, 0),
(1331, 7, 12, 1, 0),
(1361, 7, 12, 2, 0),
(1391, 7, 12, 3, 0),
(1421, 7, 12, 4, 0),
(1451, 7, 12, 5, 0),
(1481, 7, 12, 6, 0),
(1511, 7, 12, 7, 0),
(1541, 7, 12, 8, 0),
(1571, 7, 12, 9, 0),
(1601, 7, 12, 10, 0),
(1631, 7, 12, 11, 0),
(1661, 7, 12, 12, 0),
(1691, 7, 12, 13, 0),
(1721, 7, 12, 14, 0),
(1751, 7, 12, 15, 0),
(1781, 7, 12, 16, 0),
(1811, 7, 12, 17, 0),
(1841, 7, 12, 18, 0),
(1871, 7, 12, 19, 0),
(1901, 7, 12, 20, 0),
(1333, 7, 13, 1, 0),
(1363, 7, 13, 2, 0),
(1393, 7, 13, 3, 0),
(1423, 7, 13, 4, 0),
(1453, 7, 13, 5, 0),
(1483, 7, 13, 6, 0),
(1513, 7, 13, 7, 0),
(1543, 7, 13, 8, 0),
(1573, 7, 13, 9, 0),
(1603, 7, 13, 10, 0),
(1633, 7, 13, 11, 0),
(1663, 7, 13, 12, 0),
(1693, 7, 13, 13, 0),
(1723, 7, 13, 14, 0),
(1753, 7, 13, 15, 0),
(1783, 7, 13, 16, 0),
(1813, 7, 13, 17, 0),
(1843, 7, 13, 18, 0),
(1873, 7, 13, 19, 0),
(1903, 7, 13, 20, 0),
(1335, 7, 14, 1, 0),
(1365, 7, 14, 2, 0),
(1395, 7, 14, 3, 0),
(1425, 7, 14, 4, 0),
(1455, 7, 14, 5, 0),
(1485, 7, 14, 6, 0),
(1515, 7, 14, 7, 0),
(1545, 7, 14, 8, 0),
(1575, 7, 14, 9, 0),
(1605, 7, 14, 10, 0),
(1635, 7, 14, 11, 0),
(1665, 7, 14, 12, 0),
(1695, 7, 14, 13, 0),
(1725, 7, 14, 14, 0),
(1755, 7, 14, 15, 0),
(1785, 7, 14, 16, 0),
(1815, 7, 14, 17, 0),
(1845, 7, 14, 18, 0),
(1875, 7, 14, 19, 0),
(1905, 7, 14, 20, 0),
(1337, 7, 15, 1, 0),
(1367, 7, 15, 2, 0),
(1397, 7, 15, 3, 0),
(1427, 7, 15, 4, 0),
(1457, 7, 15, 5, 0),
(1487, 7, 15, 6, 0),
(1517, 7, 15, 7, 0),
(1547, 7, 15, 8, 0),
(1577, 7, 15, 9, 0),
(1607, 7, 15, 10, 0),
(1637, 7, 15, 11, 0),
(1667, 7, 15, 12, 0),
(1697, 7, 15, 13, 0),
(1727, 7, 15, 14, 0),
(1757, 7, 15, 15, 0),
(1787, 7, 15, 16, 0),
(1817, 7, 15, 17, 0),
(1847, 7, 15, 18, 0),
(1877, 7, 15, 19, 0),
(1907, 7, 15, 20, 0),
(2333, 8, 1, 1, 0),
(2373, 8, 1, 2, 0),
(2413, 8, 1, 3, 0),
(2453, 8, 1, 4, 0),
(2493, 8, 1, 5, 0),
(2533, 8, 1, 6, 0),
(2573, 8, 1, 7, 0),
(2613, 8, 1, 8, 0),
(2653, 8, 1, 9, 0),
(2693, 8, 1, 10, 0),
(2337, 8, 2, 1, 0),
(2377, 8, 2, 2, 0),
(2417, 8, 2, 3, 0),
(2457, 8, 2, 4, 0),
(2497, 8, 2, 5, 0),
(2537, 8, 2, 6, 0),
(2577, 8, 2, 7, 0),
(2617, 8, 2, 8, 0),
(2657, 8, 2, 9, 0),
(2697, 8, 2, 10, 0),
(2341, 8, 3, 1, 0),
(2381, 8, 3, 2, 0),
(2421, 8, 3, 3, 0),
(2461, 8, 3, 4, 0),
(2501, 8, 3, 5, 0),
(2541, 8, 3, 6, 0),
(2581, 8, 3, 7, 0),
(2621, 8, 3, 8, 0),
(2661, 8, 3, 9, 0),
(2701, 8, 3, 10, 0),
(2345, 8, 4, 1, 0),
(2385, 8, 4, 2, 0),
(2425, 8, 4, 3, 0),
(2465, 8, 4, 4, 0),
(2505, 8, 4, 5, 0),
(2545, 8, 4, 6, 0),
(2585, 8, 4, 7, 0),
(2625, 8, 4, 8, 0),
(2665, 8, 4, 9, 0),
(2705, 8, 4, 10, 0),
(2349, 8, 5, 1, 0),
(2389, 8, 5, 2, 0),
(2429, 8, 5, 3, 0),
(2469, 8, 5, 4, 0),
(2509, 8, 5, 5, 0),
(2549, 8, 5, 6, 0),
(2589, 8, 5, 7, 0),
(2629, 8, 5, 8, 0),
(2669, 8, 5, 9, 0),
(2709, 8, 5, 10, 0),
(2353, 8, 6, 1, 0),
(2393, 8, 6, 2, 0),
(2433, 8, 6, 3, 0),
(2473, 8, 6, 4, 0),
(2513, 8, 6, 5, 0),
(2553, 8, 6, 6, 0),
(2593, 8, 6, 7, 0),
(2633, 8, 6, 8, 0),
(2673, 8, 6, 9, 0),
(2713, 8, 6, 10, 0),
(2357, 8, 7, 1, 0),
(2397, 8, 7, 2, 0),
(2437, 8, 7, 3, 0),
(2477, 8, 7, 4, 0),
(2517, 8, 7, 5, 0),
(2557, 8, 7, 6, 0),
(2597, 8, 7, 7, 0),
(2637, 8, 7, 8, 0),
(2677, 8, 7, 9, 0),
(2717, 8, 7, 10, 0),
(2361, 8, 8, 1, 0),
(2401, 8, 8, 2, 0),
(2441, 8, 8, 3, 0),
(2481, 8, 8, 4, 0),
(2521, 8, 8, 5, 0),
(2561, 8, 8, 6, 0),
(2601, 8, 8, 7, 0),
(2641, 8, 8, 8, 0),
(2681, 8, 8, 9, 0),
(2721, 8, 8, 10, 0),
(2365, 8, 9, 1, 0),
(2405, 8, 9, 2, 0),
(2445, 8, 9, 3, 0),
(2485, 8, 9, 4, 0),
(2525, 8, 9, 5, 0),
(2565, 8, 9, 6, 0),
(2605, 8, 9, 7, 0),
(2645, 8, 9, 8, 0),
(2685, 8, 9, 9, 0),
(2725, 8, 9, 10, 0),
(2369, 8, 10, 1, 0),
(2409, 8, 10, 2, 0),
(2449, 8, 10, 3, 0),
(2489, 8, 10, 4, 0),
(2529, 8, 10, 5, 0),
(2569, 8, 10, 6, 0),
(2609, 8, 10, 7, 0),
(2649, 8, 10, 8, 0),
(2689, 8, 10, 9, 0),
(2729, 8, 10, 10, 0),
(2334, 9, 1, 1, 0),
(2374, 9, 1, 2, 0),
(2414, 9, 1, 3, 0),
(2454, 9, 1, 4, 0),
(2494, 9, 1, 5, 0),
(2534, 9, 1, 6, 0),
(2574, 9, 1, 7, 0),
(2614, 9, 1, 8, 0),
(2654, 9, 1, 9, 0),
(2694, 9, 1, 10, 0),
(2338, 9, 2, 1, 0),
(2378, 9, 2, 2, 0),
(2418, 9, 2, 3, 0),
(2458, 9, 2, 4, 0),
(2498, 9, 2, 5, 0),
(2538, 9, 2, 6, 0),
(2578, 9, 2, 7, 0),
(2618, 9, 2, 8, 0),
(2658, 9, 2, 9, 0),
(2698, 9, 2, 10, 0),
(2342, 9, 3, 1, 0),
(2382, 9, 3, 2, 0),
(2422, 9, 3, 3, 0),
(2462, 9, 3, 4, 0),
(2502, 9, 3, 5, 0),
(2542, 9, 3, 6, 0),
(2582, 9, 3, 7, 0),
(2622, 9, 3, 8, 0),
(2662, 9, 3, 9, 0),
(2702, 9, 3, 10, 0),
(2346, 9, 4, 1, 0),
(2386, 9, 4, 2, 0),
(2426, 9, 4, 3, 0),
(2466, 9, 4, 4, 0),
(2506, 9, 4, 5, 0),
(2546, 9, 4, 6, 0),
(2586, 9, 4, 7, 0),
(2626, 9, 4, 8, 0),
(2666, 9, 4, 9, 0),
(2706, 9, 4, 10, 0),
(2350, 9, 5, 1, 0),
(2390, 9, 5, 2, 0),
(2430, 9, 5, 3, 0),
(2470, 9, 5, 4, 0),
(2510, 9, 5, 5, 0),
(2550, 9, 5, 6, 0),
(2590, 9, 5, 7, 0),
(2630, 9, 5, 8, 0),
(2670, 9, 5, 9, 0),
(2710, 9, 5, 10, 0),
(2354, 9, 6, 1, 0),
(2394, 9, 6, 2, 0),
(2434, 9, 6, 3, 0),
(2474, 9, 6, 4, 0),
(2514, 9, 6, 5, 0),
(2554, 9, 6, 6, 0),
(2594, 9, 6, 7, 0),
(2634, 9, 6, 8, 0),
(2674, 9, 6, 9, 0),
(2714, 9, 6, 10, 0),
(2358, 9, 7, 1, 0),
(2398, 9, 7, 2, 0),
(2438, 9, 7, 3, 0),
(2478, 9, 7, 4, 0),
(2518, 9, 7, 5, 0),
(2558, 9, 7, 6, 0),
(2598, 9, 7, 7, 0),
(2638, 9, 7, 8, 0),
(2678, 9, 7, 9, 0),
(2718, 9, 7, 10, 0),
(2362, 9, 8, 1, 0),
(2402, 9, 8, 2, 0),
(2442, 9, 8, 3, 0),
(2482, 9, 8, 4, 0),
(2522, 9, 8, 5, 0),
(2562, 9, 8, 6, 0),
(2602, 9, 8, 7, 0),
(2642, 9, 8, 8, 0),
(2682, 9, 8, 9, 0),
(2722, 9, 8, 10, 0),
(2366, 9, 9, 1, 0),
(2406, 9, 9, 2, 0),
(2446, 9, 9, 3, 0),
(2486, 9, 9, 4, 0),
(2526, 9, 9, 5, 0),
(2566, 9, 9, 6, 0),
(2606, 9, 9, 7, 0),
(2646, 9, 9, 8, 0),
(2686, 9, 9, 9, 0),
(2726, 9, 9, 10, 0),
(2370, 9, 10, 1, 0),
(2410, 9, 10, 2, 0),
(2450, 9, 10, 3, 0),
(2490, 9, 10, 4, 0),
(2530, 9, 10, 5, 0),
(2570, 9, 10, 6, 0),
(2610, 9, 10, 7, 0),
(2650, 9, 10, 8, 0),
(2690, 9, 10, 9, 0),
(2730, 9, 10, 10, 0),
(2843, 10, 1, 1, 0),
(2845, 10, 1, 2, 0),
(2847, 10, 1, 3, 0),
(2849, 10, 1, 4, 0),
(2851, 10, 1, 5, 0),
(2853, 10, 2, 1, 0),
(2855, 10, 2, 2, 0),
(2857, 10, 2, 3, 0),
(2859, 10, 2, 4, 0),
(2861, 10, 2, 5, 0),
(2863, 10, 3, 1, 0),
(2865, 10, 3, 2, 0),
(2867, 10, 3, 3, 0),
(2869, 10, 3, 4, 0),
(2871, 10, 3, 5, 0),
(2873, 10, 4, 1, 0),
(2875, 10, 4, 2, 0),
(2877, 10, 4, 3, 0),
(2879, 10, 4, 4, 0),
(2881, 10, 4, 5, 0),
(2883, 10, 5, 1, 0),
(2885, 10, 5, 2, 0),
(2887, 10, 5, 3, 0),
(2889, 10, 5, 4, 0),
(2891, 10, 5, 5, 0);

-- --------------------------------------------------------

--
-- Estructura de tabla para la tabla `categoriasgasto`
--

CREATE TABLE `categoriasgasto` (
  `id_categoria` int(11) NOT NULL,
  `nombre` varchar(100) NOT NULL
) ENGINE=InnoDB DEFAULT CHARSET=utf8mb4 COLLATE=utf8mb4_general_ci;

-- --------------------------------------------------------

--
-- Estructura de tabla para la tabla `compras`
--

CREATE TABLE `compras` (
  `id_compra` int(11) NOT NULL,
  `id_usuario` int(11) NOT NULL,
  `fecha_compra` timestamp NOT NULL DEFAULT current_timestamp(),
  `total` decimal(12,2) NOT NULL,
  `estado` enum('pendiente','pagado','completado','cancelado','reembolsado') DEFAULT 'pendiente',
  `notas` text DEFAULT NULL
) ENGINE=InnoDB DEFAULT CHARSET=utf8mb4 COLLATE=utf8mb4_general_ci;

--
-- Volcado de datos para la tabla `compras`
--

INSERT INTO `compras` (`id_compra`, `id_usuario`, `fecha_compra`, `total`, `estado`, `notas`) VALUES
(5, 1, '2025-11-28 03:29:38', 7000.00, 'pendiente', NULL),
(6, 1, '2025-11-28 03:40:27', 5000.00, 'pendiente', NULL),
(7, 1, '2025-11-28 03:49:25', 5000.00, 'pendiente', NULL),
(8, 1, '2025-11-28 03:53:28', 14000.00, 'pendiente', NULL),
(9, 1, '2025-11-28 04:05:57', 14000.00, 'pendiente', NULL),
(10, 1, '2025-11-28 04:17:07', 10000.00, 'pendiente', NULL),
(11, 1, '2025-11-28 04:28:37', 10000.00, 'pendiente', NULL),
(12, 1, '2025-11-28 04:31:44', 2500.00, 'pendiente', NULL),
(13, 1, '2025-11-28 04:37:14', 7000.00, 'pendiente', NULL),
(14, 1, '2025-11-28 04:43:49', 10000.00, 'pendiente', NULL),
(15, 1, '2025-11-28 04:52:20', 7000.00, 'pendiente', NULL),
(16, 1, '2025-11-28 04:58:04', 10000.00, 'pendiente', NULL),
(17, 1, '2025-11-28 04:59:57', 2500.00, 'pendiente', NULL),
(18, 1, '2025-11-28 05:00:45', 2500.00, 'pendiente', NULL),
(19, 1, '2025-11-28 05:04:51', 2500.00, 'pendiente', NULL),
(20, 1, '2025-11-28 05:20:50', 2500.00, 'pendiente', NULL),
(21, 1, '2025-11-28 05:22:19', 7500.00, 'pendiente', NULL),
(22, 1, '2025-11-28 05:22:59', 2500.00, 'pendiente', NULL);

-- --------------------------------------------------------

--
-- Estructura de tabla para la tabla `compra_detalle`
--

CREATE TABLE `compra_detalle` (
  `id_detalle` int(11) NOT NULL,
  `id_compra` int(11) NOT NULL,
  `id_tipo` int(11) NOT NULL,
  `cantidad` int(11) NOT NULL,
  `precio_unit` decimal(12,2) NOT NULL,
  `subtotal` decimal(12,2) NOT NULL,
  `qr_token` varchar(100) DEFAULT NULL COMMENT 'Token único para la validación del ticket/asiento',
  `id_asiento` int(11) DEFAULT NULL
) ENGINE=InnoDB DEFAULT CHARSET=utf8mb4 COLLATE=utf8mb4_general_ci;

--
-- Volcado de datos para la tabla `compra_detalle`
--

INSERT INTO `compra_detalle` (`id_detalle`, `id_compra`, `id_tipo`, `cantidad`, `precio_unit`, `subtotal`, `qr_token`, `id_asiento`) VALUES
(4, 5, 2, 1, 7000.00, 7000.00, 'ORD5DET1-MIIB0EXP0973', NULL),
(5, 6, 4, 1, 2500.00, 2500.00, 'ORD6DET1-MIIBEBLAMHY4', NULL),
(6, 6, 4, 1, 2500.00, 2500.00, 'ORD6DET2-MIIBEBLAML04', NULL),
(7, 7, 4, 1, 2500.00, 2500.00, 'ORD7DET1-MIIBPURLRT5E', NULL),
(8, 7, 4, 1, 2500.00, 2500.00, 'ORD7DET2-MIIBPURL6UER', NULL),
(9, 8, 2, 1, 7000.00, 7000.00, 'ORD8DET1-MIIBV28WJRBJ', NULL),
(10, 8, 2, 1, 7000.00, 7000.00, 'ORD8DET2-MIIBV28WPFHV', NULL),
(11, 9, 2, 1, 7000.00, 7000.00, 'ORD9DET1-MIICB43ZCHEC', NULL),
(12, 9, 2, 1, 7000.00, 7000.00, 'ORD9DET2-MIICB43ZGR6R', NULL),
(13, 10, 1, 1, 10000.00, 10000.00, 'ORD10DET1-MIICPHA0WQCO', NULL),
(14, 11, 1, 1, 10000.00, 10000.00, 'ORD11DET1-MIID49NZY5C8', NULL),
(15, 12, 4, 1, 2500.00, 2500.00, 'ORD12DET1-MIID89SRDQ3B', NULL),
(16, 13, 2, 1, 7000.00, 7000.00, 'ORD13DET1-MIIDFCKLU8WY', NULL),
(17, 14, 1, 1, 10000.00, 10000.00, 'ORD14DET1-MIIDNT3ZY7Y1', NULL),
(18, 15, 2, 1, 7000.00, 7000.00, 'ORD15DET1-MIIDYRI1RMO6', NULL),
(19, 16, 1, 1, 10000.00, 10000.00, 'ORD16DET1-MIIE651BHDQ2', NULL),
(20, 17, 4, 1, 2500.00, 2500.00, 'ORD17DET1-MIIE8KBUJO5J', NULL),
(21, 18, 4, 1, 2500.00, 2500.00, 'ORD18DET1-MIIE9LGAC8TS', NULL),
(22, 19, 4, 1, 2500.00, 2500.00, 'ORD19DET1-MIIEEVCXSSV6', NULL),
(23, 20, 4, 1, 2500.00, 2500.00, 'ORD20DET1-MIIEZF25SW4W', NULL),
(24, 21, 4, 1, 2500.00, 2500.00, 'ORD21DET1-MIIF1C0HWU4T', NULL),
(25, 21, 4, 1, 2500.00, 2500.00, 'ORD21DET2-MIIF1C0HJ67F', NULL),
(26, 21, 4, 1, 2500.00, 2500.00, 'ORD21DET3-MIIF1C0HIVC9', NULL),
(27, 22, 4, 1, 2500.00, 2500.00, 'ORD22DET1-MIIF26O5P92Q', NULL);

-- --------------------------------------------------------

--
-- Estructura de tabla para la tabla `conciliacionbancaria`
--

CREATE TABLE `conciliacionbancaria` (
  `id_conci` int(11) NOT NULL,
  `fecha_inicio` date NOT NULL,
  `fecha_fin` date NOT NULL,
  `banco` varchar(100) DEFAULT NULL,
  `saldo_banco_inicial` decimal(12,2) DEFAULT NULL,
  `saldo_banco_final` decimal(12,2) DEFAULT NULL,
  `notas` text DEFAULT NULL,
  `creado_por` int(11) DEFAULT NULL
) ENGINE=InnoDB DEFAULT CHARSET=utf8mb4 COLLATE=utf8mb4_general_ci;

-- --------------------------------------------------------

--
-- Estructura de tabla para la tabla `conciliacionmovimientos`
--

CREATE TABLE `conciliacionmovimientos` (
  `id` int(11) NOT NULL,
  `id_conci` int(11) NOT NULL,
  `id_movimiento` int(11) NOT NULL
) ENGINE=InnoDB DEFAULT CHARSET=utf8mb4 COLLATE=utf8mb4_general_ci;

-- --------------------------------------------------------

--
-- Estructura de tabla para la tabla `eventos`
--

CREATE TABLE `eventos` (
  `id_evento` int(11) NOT NULL,
  `id_organizador` int(11) NOT NULL,
  `id_lugar` int(11) NOT NULL,
  `nombre` varchar(200) NOT NULL,
  `descripcion` text DEFAULT NULL,
  `fecha_inicio` datetime NOT NULL,
  `fecha_fin` datetime DEFAULT NULL,
  `capacidad_total` int(11) NOT NULL,
  `estado` enum('borrador','publicado','cancelado') DEFAULT 'borrador',
  `imagen` varchar(255) DEFAULT NULL
) ENGINE=InnoDB DEFAULT CHARSET=utf8mb4 COLLATE=utf8mb4_general_ci;

--
-- Volcado de datos para la tabla `eventos`
--

INSERT INTO `eventos` (`id_evento`, `id_organizador`, `id_lugar`, `nombre`, `descripcion`, `fecha_inicio`, `fecha_fin`, `capacidad_total`, `estado`, `imagen`) VALUES
(1, 9, 1, 'Concierto Inaugural', 'Evento de prueba para asignación de proveedores', '2025-11-14 22:26:16', NULL, 5000, 'borrador', NULL),
(14, 3, 2, 'Dua Lipa: Future Nostalgia Tour', 'Prepárate para una noche electrizante con Dua Lipa...', '2026-02-13 20:00:00', '2026-02-13 23:00:00', 10000, 'publicado', 'evento1.jpg'),
(15, 3, 3, 'Camila Cabello: Havana Nights', 'Camila Cabello regresa con su voz única...', '2026-04-01 20:00:00', '2026-04-01 23:00:00', 8000, 'publicado', 'evento2.jpg'),
(16, 3, 4, 'Stray Kids: World Domination', 'El fenómeno global del K-pop, Stray Kids, aterriza...', '2026-02-18 20:00:00', '2026-02-18 23:00:00', 12000, 'publicado', 'evento3.jpg'),
(17, 3, 5, 'Liam Payne: Midnight Memories Live', 'Liam Payne nos trae un concierto lleno de energía...', '2026-03-10 20:00:00', '2026-03-10 23:00:00', 9000, 'publicado', 'evento4.jpg'),
(18, 3, 6, 'One Direction: Reunion Tour', 'La esperada reunión de One Direction en vivo...', '2026-03-25 20:00:00', '2026-03-25 23:00:00', 15000, 'publicado', 'evento5.jpg');

-- --------------------------------------------------------

--
-- Estructura de tabla para la tabla `eventos_proveedores`
--

CREATE TABLE `eventos_proveedores` (
  `id` int(11) NOT NULL,
  `id_evento` int(11) NOT NULL,
  `id_proveedor` int(11) NOT NULL,
  `servicio` varchar(150) DEFAULT NULL,
  `costo` decimal(12,2) DEFAULT NULL,
  `notas` text DEFAULT NULL,
  `fecha_asignacion` timestamp NOT NULL DEFAULT current_timestamp()
) ENGINE=InnoDB DEFAULT CHARSET=utf8mb4 COLLATE=utf8mb4_general_ci;

--
-- Volcado de datos para la tabla `eventos_proveedores`
--

INSERT INTO `eventos_proveedores` (`id`, `id_evento`, `id_proveedor`, `servicio`, `costo`, `notas`, `fecha_asignacion`) VALUES
(4, 1, 1, 'Audio e Iluminación', 1200.00, 'Contrato inicial', '2025-11-15 02:26:16');

-- --------------------------------------------------------

--
-- Estructura de tabla para la tabla `gastos`
--

CREATE TABLE `gastos` (
  `id_gasto` int(11) NOT NULL,
  `id_evento` int(11) DEFAULT NULL,
  `id_categoria` int(11) NOT NULL,
  `descripcion` varchar(255) DEFAULT NULL,
  `fecha_gasto` date NOT NULL,
  `monto` decimal(12,2) NOT NULL,
  `moneda_codigo` char(3) DEFAULT 'USD',
  `simbolo_moneda` varchar(5) DEFAULT '$',
  `receptor` varchar(200) DEFAULT NULL,
  `referencia_pago` varchar(255) DEFAULT NULL,
  `comprobante_url` varchar(255) DEFAULT NULL,
  `registrado_por` int(11) DEFAULT NULL
) ENGINE=InnoDB DEFAULT CHARSET=utf8mb4 COLLATE=utf8mb4_general_ci;

-- --------------------------------------------------------

--
-- Estructura de tabla para la tabla `lugares`
--

CREATE TABLE `lugares` (
  `id_lugar` int(11) NOT NULL,
  `nombre_lugar` varchar(255) NOT NULL,
  `direccion` varchar(255) DEFAULT NULL,
  `ciudad` varchar(100) DEFAULT NULL,
  `pais` varchar(100) DEFAULT NULL,
  `tipo_lugar` varchar(100) DEFAULT NULL,
  `capacidad` int(11) NOT NULL
) ENGINE=InnoDB DEFAULT CHARSET=utf8mb4 COLLATE=utf8mb4_general_ci;

--
-- Volcado de datos para la tabla `lugares`
--

INSERT INTO `lugares` (`id_lugar`, `nombre_lugar`, `direccion`, `ciudad`, `pais`, `tipo_lugar`, `capacidad`) VALUES
(2, 'Estadio Nacional', 'Calle 123', 'Ciudad Ejemplo', 'País Ejemplo', 'Estadio', 10000),
(3, 'Arena Ciudad', 'Av. Principal 456', 'Ciudad Ejemplo', 'País Ejemplo', 'Arena', 8000),
(4, 'Palacio de los Deportes', 'Calle 789', 'Ciudad Ejemplo', 'País Ejemplo', 'Palacio', 12000),
(5, 'Teatro Nacional', 'Av. Teatro 10', 'Ciudad Ejemplo', 'País Ejemplo', 'Teatro', 9000),
(6, 'Estadio Olímpico', 'Av. Olímpica 55', 'Ciudad Ejemplo', 'País Ejemplo', 'Estadio', 15000);

-- --------------------------------------------------------

--
-- Estructura de tabla para la tabla `metodospago`
--

CREATE TABLE `metodospago` (
  `id_metodo` int(11) NOT NULL,
  `nombre` varchar(50) NOT NULL,
  `detalles_receptor` varchar(500) DEFAULT NULL
) ENGINE=InnoDB DEFAULT CHARSET=utf8mb4 COLLATE=utf8mb4_general_ci;

--
-- Volcado de datos para la tabla `metodospago`
--

INSERT INTO `metodospago` (`id_metodo`, `nombre`, `detalles_receptor`) VALUES
(1, 'Transferencia Bancaria', '{\r\n    \"tipo\": \"transferencia\", \r\n    \"banco\": \"Banco del Progreso\", \r\n    \"cuenta\": \"0102-1234-5678-90123456\", \r\n    \"cedula\": \"V-20.123.456\",\r\n    \"icon\": \"bi-bank\"\r\n}'),
(2, 'Pago Móvil', '{\r\n    \"tipo\": \"pago_movil\", \r\n    \"banco\": \"Banco del Progreso\", \r\n    \"telefono\": \"0412-1112233\", \r\n    \"cedula\": \"V-20.123.456\",\r\n    \"icon\": \"bi-phone\"\r\n}'),
(3, 'Punto de Venta/TDC', '{\r\n    \"tipo\": \"tarjeta\", \r\n    \"info\": \"Redirección a pasarela\",\r\n    \"icon\": \"bi-credit-card-2-front\"\r\n}');

-- --------------------------------------------------------

--
-- Estructura de tabla para la tabla `movimientoscontables`
--

CREATE TABLE `movimientoscontables` (
  `id_movimiento` int(11) NOT NULL,
  `tipo` enum('ingreso','gasto','ajuste') NOT NULL,
  `referencia_tipo` enum('venta','gasto','reembolso','comision','transferencia') NOT NULL,
  `referencia_id` int(11) DEFAULT NULL,
  `fecha_movimiento` date NOT NULL,
  `monto` decimal(12,2) NOT NULL,
  `moneda_codigo` char(3) DEFAULT 'USD',
  `simbolo_moneda` varchar(5) DEFAULT '$',
  `descripcion` text DEFAULT NULL,
  `contabilizado` tinyint(1) DEFAULT 0,
  `conciliado` tinyint(1) DEFAULT 0
) ENGINE=InnoDB DEFAULT CHARSET=utf8mb4 COLLATE=utf8mb4_general_ci;

-- --------------------------------------------------------

--
-- Estructura de tabla para la tabla `pagos`
--

CREATE TABLE `pagos` (
  `id_pago` int(11) NOT NULL,
  `id_compra` int(11) DEFAULT NULL,
  `id_usuario` int(11) NOT NULL,
  `id_metodo` int(11) NOT NULL,
  `fecha_pago` timestamp NOT NULL DEFAULT current_timestamp(),
  `monto` decimal(12,2) NOT NULL,
  `moneda_codigo` char(3) DEFAULT 'USD',
  `simbolo_moneda` varchar(5) DEFAULT '$',
  `referencia_proveedor` varchar(255) DEFAULT NULL,
  `estado` enum('iniciado','confirmado','fallido','reversado') DEFAULT 'iniciado',
  `comision` decimal(12,2) DEFAULT 0.00
) ENGINE=InnoDB DEFAULT CHARSET=utf8mb4 COLLATE=utf8mb4_general_ci;

--
-- Volcado de datos para la tabla `pagos`
--

INSERT INTO `pagos` (`id_pago`, `id_compra`, `id_usuario`, `id_metodo`, `fecha_pago`, `monto`, `moneda_codigo`, `simbolo_moneda`, `referencia_proveedor`, `estado`, `comision`) VALUES
(5, 5, 0, 2, '2025-11-28 03:29:38', 7000.00, 'USD', '$', '2342342', 'confirmado', 0.00),
(6, 6, 0, 1, '2025-11-28 03:40:27', 5000.00, 'USD', '$', '1231313', 'confirmado', 0.00),
(7, 7, 0, 2, '2025-11-28 03:49:25', 5000.00, 'USD', '$', '12312313', 'confirmado', 0.00),
(8, 8, 0, 2, '2025-11-28 03:53:28', 14000.00, 'USD', '$', '234234', 'confirmado', 0.00),
(9, 9, 0, 2, '2025-11-28 04:05:57', 14000.00, 'USD', '$', '23424', 'confirmado', 0.00),
(10, 10, 0, 1, '2025-11-28 04:17:07', 10000.00, 'USD', '$', '123131231', 'confirmado', 0.00),
(11, 11, 0, 1, '2025-11-28 04:28:37', 10000.00, 'USD', '$', '2313131', 'confirmado', 0.00),
(12, 12, 0, 2, '2025-11-28 04:31:44', 2500.00, 'USD', '$', '21312313', 'confirmado', 0.00),
(13, 13, 0, 2, '2025-11-28 04:37:14', 7000.00, 'USD', '$', '12313', 'confirmado', 0.00),
(14, 14, 0, 2, '2025-11-28 04:43:49', 10000.00, 'USD', '$', '1231231', 'confirmado', 0.00),
(15, 15, 0, 2, '2025-11-28 04:52:20', 7000.00, 'USD', '$', '231123131', 'confirmado', 0.00),
(16, 16, 0, 2, '2025-11-28 04:58:04', 10000.00, 'USD', '$', '23123131231', 'confirmado', 0.00),
(17, 17, 0, 2, '2025-11-28 04:59:57', 2500.00, 'USD', '$', '1231313', 'confirmado', 0.00),
(18, 18, 0, 2, '2025-11-28 05:00:45', 2500.00, 'USD', '$', '231231', 'confirmado', 0.00),
(19, 19, 0, 2, '2025-11-28 05:04:51', 2500.00, 'USD', '$', '45352', 'confirmado', 0.00),
(20, 20, 0, 2, '2025-11-28 05:20:50', 2500.00, 'USD', '$', '2342342342', 'confirmado', 0.00),
(21, 21, 0, 2, '2025-11-28 05:22:19', 7500.00, 'USD', '$', '2344242', 'confirmado', 0.00),
(22, 22, 0, 2, '2025-11-28 05:22:59', 2500.00, 'USD', '$', '344234', 'confirmado', 0.00),
(26, NULL, 1, 2, '2025-11-29 00:40:40', 20000.00, 'USD', '$', '1231231', 'confirmado', 0.00),
(27, NULL, 1, 2, '2025-11-29 00:48:38', 20000.00, 'USD', '$', '23424234', 'confirmado', 0.00),
(29, NULL, 1, 2, '2025-11-29 00:49:36', 20000.00, 'USD', '$', '3453452432', 'confirmado', 0.00),
(32, NULL, 1, 1, '2025-11-29 04:41:28', 30000.00, 'USD', '$', '3423424', 'confirmado', 0.00),
(33, NULL, 1, 1, '2025-11-29 05:12:21', 30000.00, 'USD', '$', '32143242', 'confirmado', 0.00),
(34, NULL, 1, 2, '2025-11-29 05:16:36', 30000.00, 'USD', '$', '3242342', 'confirmado', 0.00),
(35, NULL, 1, 2, '2025-11-29 12:51:20', 30000.00, 'USD', '$', '1231432523', 'iniciado', 0.00),
(36, NULL, 1, 2, '2025-11-29 13:00:38', 30000.00, 'USD', '$', '324783', 'iniciado', 0.00);

-- --------------------------------------------------------

--
-- Estructura de tabla para la tabla `proveedores`
--

CREATE TABLE `proveedores` (
  `id_proveedor` int(11) NOT NULL,
  `nombre` varchar(200) NOT NULL,
  `categoria` varchar(100) NOT NULL,
  `contacto_nombre` varchar(150) DEFAULT NULL,
  `contacto_email` varchar(150) DEFAULT NULL,
  `contacto_telefono` varchar(50) DEFAULT NULL,
  `descripcion` text DEFAULT NULL,
  `sitio_web` varchar(255) DEFAULT NULL,
  `fecha_registro` timestamp NOT NULL DEFAULT current_timestamp()
) ENGINE=InnoDB DEFAULT CHARSET=utf8mb4 COLLATE=utf8mb4_general_ci;

--
-- Volcado de datos para la tabla `proveedores`
--

INSERT INTO `proveedores` (`id_proveedor`, `nombre`, `categoria`, `contacto_nombre`, `contacto_email`, `contacto_telefono`, `descripcion`, `sitio_web`, `fecha_registro`) VALUES
(1, 'AudioVisualPro', 'audiovisual', 'Carlos Perez', 'carlos@audiovpro.com', '04141234567', 'Proveedor de audio e iluminación profesional', 'https://audiovpro.example', '2025-11-15 02:22:13'),
(2, 'CateringEventos', 'catering', 'María Gomez', 'maria@catering.com', '04149876543', 'Servicio de catering para eventos grandes', 'https://catering.example', '2025-11-15 02:22:13');

-- --------------------------------------------------------

--
-- Estructura de tabla para la tabla `roles`
--

CREATE TABLE `roles` (
  `id_role` int(11) NOT NULL,
  `nombre_role` varchar(50) NOT NULL
) ENGINE=InnoDB DEFAULT CHARSET=utf8mb4 COLLATE=utf8mb4_general_ci;

--
-- Volcado de datos para la tabla `roles`
--

INSERT INTO `roles` (`id_role`, `nombre_role`) VALUES
(2, 'Administrador'),
(4, 'Contador'),
(3, 'Organizador'),
(5, 'Usuario');

-- --------------------------------------------------------

--
-- Estructura de tabla para la tabla `tickets`
--

CREATE TABLE `tickets` (
  `id_ticket` int(11) NOT NULL,
  `id_pago` int(11) NOT NULL,
  `id_detalle` int(11) DEFAULT NULL,
  `id_asiento` int(11) NOT NULL,
  `id_tipo` int(11) NOT NULL,
  `precio_unit` decimal(12,2) NOT NULL,
  `codigo` varchar(255) NOT NULL,
  `codigo_qr_svg` text DEFAULT NULL,
  `imagen_url` varchar(255) DEFAULT NULL,
  `estado` enum('valido','usado','anulado','bloqueado') DEFAULT 'valido',
  `fecha_emitido` timestamp NOT NULL DEFAULT current_timestamp(),
  `fecha_validado` timestamp NULL DEFAULT NULL,
  `validador_id` int(11) DEFAULT NULL
) ENGINE=InnoDB DEFAULT CHARSET=utf8mb4 COLLATE=utf8mb4_general_ci;

--
-- Volcado de datos para la tabla `tickets`
--

INSERT INTO `tickets` (`id_ticket`, `id_pago`, `id_detalle`, `id_asiento`, `id_tipo`, `precio_unit`, `codigo`, `codigo_qr_svg`, `imagen_url`, `estado`, `fecha_emitido`, `fecha_validado`, `validador_id`) VALUES
(2, 26, NULL, 0, 1, 10000.00, 'PAY26TIC1-MIJKEYUIED89', NULL, NULL, 'valido', '2025-11-29 00:40:40', NULL, NULL),
(3, 26, NULL, 0, 1, 10000.00, 'PAY26TIC2-MIJKEYUI8HMU', NULL, NULL, 'valido', '2025-11-29 00:40:40', NULL, NULL),
(4, 27, NULL, 0, 1, 10000.00, 'PAY27TIC1-MIJKP7Y4FTBZ', NULL, NULL, 'valido', '2025-11-29 00:48:38', NULL, NULL),
(5, 27, NULL, 0, 1, 10000.00, 'PAY27TIC2-MIJKP7Y4BGYI', NULL, NULL, 'valido', '2025-11-29 00:48:38', NULL, NULL),
(6, 29, NULL, 0, 1, 10000.00, 'PAY29TIC1-MIJKQGPYJP9G', NULL, NULL, 'valido', '2025-11-29 00:49:36', NULL, NULL),
(7, 29, NULL, 0, 1, 10000.00, 'PAY29TIC2-MIJKQGPYQ7MB', NULL, NULL, 'valido', '2025-11-29 00:49:36', NULL, NULL),
(8, 32, NULL, 0, 1, 10000.00, 'PAY32TIC1-MIJT0N7X2YFA', NULL, NULL, 'valido', '2025-11-29 04:41:28', NULL, NULL),
(9, 32, NULL, 0, 1, 10000.00, 'PAY32TIC2-MIJT0N7XIOO1', NULL, NULL, 'valido', '2025-11-29 04:41:28', NULL, NULL),
(10, 32, NULL, 0, 1, 10000.00, 'PAY32TIC3-MIJT0N7XVASM', NULL, NULL, 'valido', '2025-11-29 04:41:28', NULL, NULL),
(11, 33, NULL, 0, 1, 10000.00, 'PAY33TIC1-MIJU4CVU83Z1', NULL, NULL, 'valido', '2025-11-29 05:12:21', NULL, NULL),
(12, 33, NULL, 0, 1, 10000.00, 'PAY33TIC2-MIJU4CVU7QKW', NULL, NULL, 'valido', '2025-11-29 05:12:21', NULL, NULL),
(13, 33, NULL, 0, 1, 10000.00, 'PAY33TIC3-MIJU4CVU7LU9', NULL, NULL, 'valido', '2025-11-29 05:12:21', NULL, NULL),
(14, 34, NULL, 0, 1, 10000.00, 'PAY34TIC1-MIJU9TRY722M', NULL, NULL, 'valido', '2025-11-29 05:16:36', NULL, NULL),
(15, 34, NULL, 0, 1, 10000.00, 'PAY34TIC2-MIJU9TRYQZBT', NULL, NULL, 'valido', '2025-11-29 05:16:36', NULL, NULL),
(16, 34, NULL, 0, 1, 10000.00, 'PAY34TIC3-MIJU9TRYJKAC', NULL, NULL, 'valido', '2025-11-29 05:16:36', NULL, NULL),
(17, 35, NULL, 0, 1, 10000.00, 'PAY35TIC1-MIKAIM5ZX2S2', NULL, NULL, 'valido', '2025-11-29 12:51:20', NULL, NULL),
(18, 35, NULL, 0, 1, 10000.00, 'PAY35TIC2-MIKAIM5Z3N7F', NULL, NULL, 'valido', '2025-11-29 12:51:20', NULL, NULL),
(19, 35, NULL, 0, 1, 10000.00, 'PAY35TIC3-MIKAIM5ZHYF2', NULL, NULL, 'valido', '2025-11-29 12:51:20', NULL, NULL),
(20, 36, NULL, 0, 1, 10000.00, 'PAY36TIC1-MIKAUKLVQ29D', NULL, NULL, 'valido', '2025-11-29 13:00:38', NULL, NULL),
(21, 36, NULL, 0, 1, 10000.00, 'PAY36TIC2-MIKAUKLVKU4K', NULL, NULL, 'valido', '2025-11-29 13:00:38', NULL, NULL),
(22, 36, NULL, 0, 1, 10000.00, 'PAY36TIC3-MIKAUKLVL8WF', NULL, NULL, 'valido', '2025-11-29 13:00:38', NULL, NULL);

-- --------------------------------------------------------

--
-- Estructura de tabla para la tabla `tiposentrada`
--

CREATE TABLE `tiposentrada` (
  `id_tipo` int(11) NOT NULL,
  `id_evento` int(11) NOT NULL,
  `nombre_tipo` varchar(100) NOT NULL,
  `zona` varchar(50) DEFAULT 'General',
  `color` varchar(7) DEFAULT '#007BFF',
  `filas` int(11) DEFAULT 10,
  `asientos_por_fila` int(11) DEFAULT 10,
  `precio` decimal(12,2) NOT NULL,
  `cantidad_total` int(11) NOT NULL,
  `cantidad_disponible` int(11) NOT NULL,
  `reglas` longtext CHARACTER SET utf8mb4 COLLATE utf8mb4_bin DEFAULT NULL CHECK (json_valid(`reglas`))
) ENGINE=InnoDB DEFAULT CHARSET=utf8mb4 COLLATE=utf8mb4_general_ci;

--
-- Volcado de datos para la tabla `tiposentrada`
--

INSERT INTO `tiposentrada` (`id_tipo`, `id_evento`, `nombre_tipo`, `zona`, `color`, `filas`, `asientos_por_fila`, `precio`, `cantidad_total`, `cantidad_disponible`, `reglas`) VALUES
(1, 1, 'VIP', 'VIP', '#FFD700', 10, 10, 200.00, 100, 100, NULL),
(2, 1, 'General', 'General', '#007BFF', 15, 20, 100.00, 300, 300, NULL),
(3, 1, 'Lateral Izquierdo', 'Laterales', '#28A745', 10, 10, 120.00, 100, 100, NULL),
(4, 1, 'Lateral Derecho', 'Laterales', '#28A745', 10, 10, 120.00, 100, 100, NULL),
(5, 1, 'Palco', 'VIP', '#FFC107', 5, 5, 250.00, 50, 50, NULL),
(6, 1, 'VIP', 'VIP', '#FFD700', 10, 10, 200.00, 100, 100, NULL),
(7, 1, 'General', 'General', '#007BFF', 15, 20, 100.00, 300, 300, NULL),
(8, 1, 'Lateral Izquierdo', 'Laterales', '#28A745', 10, 10, 120.00, 100, 100, NULL),
(9, 1, 'Lateral Derecho', 'Laterales', '#28A745', 10, 10, 120.00, 100, 100, NULL),
(10, 1, 'Palco', 'VIP', '#FFC107', 5, 5, 250.00, 50, 50, NULL);

-- --------------------------------------------------------

--
-- Estructura de tabla para la tabla `usuarios`
--

CREATE TABLE `usuarios` (
  `id_usuario` int(11) NOT NULL,
  `nombre` varchar(100) NOT NULL,
  `apellido` varchar(100) DEFAULT NULL,
  `email` varchar(150) NOT NULL,
  `contraseña_hash` varchar(255) NOT NULL,
  `telefono` varchar(30) DEFAULT NULL,
  `id_rol` int(11) NOT NULL DEFAULT 3,
  `fecha_registro` timestamp NOT NULL DEFAULT current_timestamp(),
  `activo` tinyint(1) DEFAULT 1
) ENGINE=InnoDB DEFAULT CHARSET=utf8mb4 COLLATE=utf8mb4_general_ci;

--
-- Volcado de datos para la tabla `usuarios`
--

INSERT INTO `usuarios` (`id_usuario`, `nombre`, `apellido`, `email`, `contraseña_hash`, `telefono`, `id_rol`, `fecha_registro`, `activo`) VALUES
(1, 'Michelle', NULL, 'michi@gmail.com', '$2a$10$BgzL4RxHE4fv2vke5Kk0t.85GizfqEjw1xU8jsg1t.SDAHWpbHA6a', NULL, 3, '2025-11-02 19:36:14', 1),
(3, 'Sofia', 'sofia@gmail.com', 'sofia@gmail.com', '$2a$10$uchjwD9YjGVMRj.vSiNZI.A7IJORCa1aDiIiRqm3UliyBk3k90f1e', '04125543612', 3, '2025-11-02 20:54:45', 1),
(5, 'Alejandro', NULL, 'alejandro23@gmail.com', '$2a$10$91GkOYRUZFEqXFhup8BDCeZGiQsAGNUvOVeCXcs3DAAPDauFGEylS', NULL, 2, '2025-11-05 02:36:54', 1),
(6, 'Cristobal', NULL, 'cristobal12@gmail.com', '$2a$10$M5IDE1mPs9TN.V8qch5YouDO1m6A7Od0IlRQr5oQL3V68/OhODuRi', NULL, 2, '2025-11-05 02:47:52', 1),
(7, 'test3', NULL, 'testprueba@gmail.com', '$2a$10$F0.uYY4.Gv1avhbAHLRJPOFGJT2u5nYBe1iqUH.gwNdI90FWYq.8.', NULL, 2, '2025-11-05 02:59:10', 1),
(8, 'Luis', 'Freitez', 'Luis@gmail.com', '$2a$10$7k/72LoH4qUOSNac1DBoHODKTxBZtl/qa36DeVMkDbUNHd50ytGYG', '04128546812', 3, '2025-11-05 03:40:14', 1),
(9, 'Organizador', 'Principal', 'organizador1@example.com', '', '04140000001', 3, '2025-11-15 02:22:13', 1),
(10, 'Contador', 'Principal', 'contador1@example.com', '123456', '04140000002', 4, '2025-11-15 02:22:13', 1),
(17, 'Admin User', NULL, 'admin@example.com', 'b0', NULL, 1, '2025-11-15 03:05:58', 1),
(20, 'contador', 'ejemplo', 'contador@gmail.com', '123456', '04245555555', 4, '2025-11-15 03:50:25', 1),
(21, 'Admin', NULL, 'admin@test.com', '$2a$10$qYUFTGFfbqWikvZAUhGzV.UgbliSK.EB9XiCas9ecAWDbYC3dtUYC', NULL, 3, '2025-11-16 00:53:09', 1),
(22, 'Admin Test', NULL, 'admin2@test.com', '$2a$10$CqikTwFGVqLU6Bs6sJFlpeNCrdjHYrBKdvQnEOox0s44kOCtOi26e', NULL, 3, '2025-11-16 20:37:08', 1),
(23, 'Contador Test', NULL, 'contador@test.com', '$2a$10$6T1idMzKwzlfFry2nyI9k.cHHm5Elrqq23hGUlym68uHUbjoM8jSG', NULL, 3, '2025-11-16 20:37:21', 1),
(24, 'Zaleth', 'Ramirez', 'zaleth@gmail.com', '$2a$10$UWrw.56bYDWz.nP1mKYXNO3vBgd2OEPdyj5Mft.88.hbv/iz9sNN6', '04268546913', 3, '2025-11-28 23:20:43', 1),
(25, 'Lethicia', 'Muñoz', 'Leth@gmail.com', '$2a$10$5/k77PScM4bMbfRO3vyZ.Ojl59Tp3xWUaSoom0F5byiJf35RUpXxO', '04128653543', 3, '2025-11-28 23:27:54', 1),
(26, 'Susan', 'Muñoz', 'susan@gmail.com', '$2a$10$J9WOcqqlTSxW//u/wgffQ.8bTNkif5fQ8n6gJC.Z..pTIJRtfUO32', '04244324234', 5, '2025-11-29 00:11:39', 1),
(27, 'Admin BD', 'Prueba', 'admin2@prueba.com', '$2a$12$EUMmbJjvhiKYEivGGBQv3uZjcSdO8jOyWfai.pjicPd19Xrq1LK5W', NULL, 2, '2025-11-29 02:53:55', 1);

-- --------------------------------------------------------

--
-- Estructura de tabla para la tabla `usuario_roles`
--

CREATE TABLE `usuario_roles` (
  `id_usuario` int(11) NOT NULL,
  `id_role` int(11) NOT NULL
) ENGINE=InnoDB DEFAULT CHARSET=utf8mb4 COLLATE=utf8mb4_general_ci;

--
-- Volcado de datos para la tabla `usuario_roles`
--

INSERT INTO `usuario_roles` (`id_usuario`, `id_role`) VALUES
(5, 2),
(6, 2),
(7, 2),
(9, 3),
(10, 4),
(21, 2),
(22, 2),
(23, 4),
(26, 5),
(27, 2);

--
-- Índices para tablas volcadas
--

--
-- Indices de la tabla `admins`
--
ALTER TABLE `admins`
  ADD PRIMARY KEY (`id_admin`),
  ADD KEY `id_usuario` (`id_usuario`);

--
-- Indices de la tabla `artistas`
--
ALTER TABLE `artistas`
  ADD PRIMARY KEY (`id_artista`);

--
-- Indices de la tabla `artistas_eventos`
--
ALTER TABLE `artistas_eventos`
  ADD PRIMARY KEY (`id_artista`,`id_evento`),
  ADD KEY `id_evento` (`id_evento`);

--
-- Indices de la tabla `asientos`
--
ALTER TABLE `asientos`
  ADD PRIMARY KEY (`id_asiento`),
  ADD KEY `idx_asientos_tipo_fila_numero_ocupado` (`id_tipo`,`fila`,`numero`,`ocupado`);

--
-- Indices de la tabla `categoriasgasto`
--
ALTER TABLE `categoriasgasto`
  ADD PRIMARY KEY (`id_categoria`),
  ADD UNIQUE KEY `nombre` (`nombre`);

--
-- Indices de la tabla `compras`
--
ALTER TABLE `compras`
  ADD PRIMARY KEY (`id_compra`),
  ADD KEY `id_usuario` (`id_usuario`);

--
-- Indices de la tabla `compra_detalle`
--
ALTER TABLE `compra_detalle`
  ADD PRIMARY KEY (`id_detalle`),
  ADD KEY `id_compra` (`id_compra`),
  ADD KEY `id_tipo` (`id_tipo`);

--
-- Indices de la tabla `conciliacionbancaria`
--
ALTER TABLE `conciliacionbancaria`
  ADD PRIMARY KEY (`id_conci`),
  ADD KEY `creado_por` (`creado_por`);

--
-- Indices de la tabla `conciliacionmovimientos`
--
ALTER TABLE `conciliacionmovimientos`
  ADD PRIMARY KEY (`id`),
  ADD KEY `id_conci` (`id_conci`),
  ADD KEY `id_movimiento` (`id_movimiento`);

--
-- Indices de la tabla `eventos`
--
ALTER TABLE `eventos`
  ADD PRIMARY KEY (`id_evento`),
  ADD KEY `id_organizador` (`id_organizador`),
  ADD KEY `id_lugar` (`id_lugar`);

--
-- Indices de la tabla `eventos_proveedores`
--
ALTER TABLE `eventos_proveedores`
  ADD PRIMARY KEY (`id`),
  ADD KEY `fk_ep_evento` (`id_evento`),
  ADD KEY `fk_ep_proveedor` (`id_proveedor`);

--
-- Indices de la tabla `gastos`
--
ALTER TABLE `gastos`
  ADD PRIMARY KEY (`id_gasto`),
  ADD KEY `id_evento` (`id_evento`),
  ADD KEY `id_categoria` (`id_categoria`),
  ADD KEY `registrado_por` (`registrado_por`);

--
-- Indices de la tabla `lugares`
--
ALTER TABLE `lugares`
  ADD PRIMARY KEY (`id_lugar`);

--
-- Indices de la tabla `metodospago`
--
ALTER TABLE `metodospago`
  ADD PRIMARY KEY (`id_metodo`),
  ADD UNIQUE KEY `nombre` (`nombre`);

--
-- Indices de la tabla `movimientoscontables`
--
ALTER TABLE `movimientoscontables`
  ADD PRIMARY KEY (`id_movimiento`);

--
-- Indices de la tabla `pagos`
--
ALTER TABLE `pagos`
  ADD PRIMARY KEY (`id_pago`),
  ADD KEY `id_compra` (`id_compra`),
  ADD KEY `id_metodo` (`id_metodo`);

--
-- Indices de la tabla `proveedores`
--
ALTER TABLE `proveedores`
  ADD PRIMARY KEY (`id_proveedor`),
  ADD UNIQUE KEY `uk_proveedor_nombre` (`nombre`);

--
-- Indices de la tabla `roles`
--
ALTER TABLE `roles`
  ADD PRIMARY KEY (`id_role`),
  ADD UNIQUE KEY `nombre_role` (`nombre_role`);

--
-- Indices de la tabla `tickets`
--
ALTER TABLE `tickets`
  ADD PRIMARY KEY (`id_ticket`),
  ADD UNIQUE KEY `codigo` (`codigo`),
  ADD KEY `id_detalle` (`id_detalle`),
  ADD KEY `validador_id` (`validador_id`),
  ADD KEY `fk_tickets_asiento` (`id_asiento`);

--
-- Indices de la tabla `tiposentrada`
--
ALTER TABLE `tiposentrada`
  ADD PRIMARY KEY (`id_tipo`),
  ADD KEY `id_evento` (`id_evento`),
  ADD KEY `idx_zona` (`zona`),
  ADD KEY `idx_color` (`color`);

--
-- Indices de la tabla `usuarios`
--
ALTER TABLE `usuarios`
  ADD PRIMARY KEY (`id_usuario`),
  ADD UNIQUE KEY `email` (`email`);

--
-- Indices de la tabla `usuario_roles`
--
ALTER TABLE `usuario_roles`
  ADD PRIMARY KEY (`id_usuario`,`id_role`),
  ADD KEY `id_role` (`id_role`);

--
-- AUTO_INCREMENT de las tablas volcadas
--

--
-- AUTO_INCREMENT de la tabla `admins`
--
ALTER TABLE `admins`
  MODIFY `id_admin` int(11) NOT NULL AUTO_INCREMENT, AUTO_INCREMENT=4;

--
-- AUTO_INCREMENT de la tabla `artistas`
--
ALTER TABLE `artistas`
  MODIFY `id_artista` int(11) NOT NULL AUTO_INCREMENT;

--
-- AUTO_INCREMENT de la tabla `asientos`
--
ALTER TABLE `asientos`
  MODIFY `id_asiento` int(11) NOT NULL AUTO_INCREMENT, AUTO_INCREMENT=2905;

--
-- AUTO_INCREMENT de la tabla `categoriasgasto`
--
ALTER TABLE `categoriasgasto`
  MODIFY `id_categoria` int(11) NOT NULL AUTO_INCREMENT;

--
-- AUTO_INCREMENT de la tabla `compras`
--
ALTER TABLE `compras`
  MODIFY `id_compra` int(11) NOT NULL AUTO_INCREMENT, AUTO_INCREMENT=23;

--
-- AUTO_INCREMENT de la tabla `compra_detalle`
--
ALTER TABLE `compra_detalle`
  MODIFY `id_detalle` int(11) NOT NULL AUTO_INCREMENT, AUTO_INCREMENT=28;

--
-- AUTO_INCREMENT de la tabla `conciliacionbancaria`
--
ALTER TABLE `conciliacionbancaria`
  MODIFY `id_conci` int(11) NOT NULL AUTO_INCREMENT;

--
-- AUTO_INCREMENT de la tabla `conciliacionmovimientos`
--
ALTER TABLE `conciliacionmovimientos`
  MODIFY `id` int(11) NOT NULL AUTO_INCREMENT;

--
-- AUTO_INCREMENT de la tabla `eventos`
--
ALTER TABLE `eventos`
  MODIFY `id_evento` int(11) NOT NULL AUTO_INCREMENT, AUTO_INCREMENT=19;

--
-- AUTO_INCREMENT de la tabla `eventos_proveedores`
--
ALTER TABLE `eventos_proveedores`
  MODIFY `id` int(11) NOT NULL AUTO_INCREMENT, AUTO_INCREMENT=5;

--
-- AUTO_INCREMENT de la tabla `gastos`
--
ALTER TABLE `gastos`
  MODIFY `id_gasto` int(11) NOT NULL AUTO_INCREMENT;

--
-- AUTO_INCREMENT de la tabla `lugares`
--
ALTER TABLE `lugares`
  MODIFY `id_lugar` int(11) NOT NULL AUTO_INCREMENT, AUTO_INCREMENT=7;

--
-- AUTO_INCREMENT de la tabla `metodospago`
--
ALTER TABLE `metodospago`
  MODIFY `id_metodo` int(11) NOT NULL AUTO_INCREMENT, AUTO_INCREMENT=4;

--
-- AUTO_INCREMENT de la tabla `movimientoscontables`
--
ALTER TABLE `movimientoscontables`
  MODIFY `id_movimiento` int(11) NOT NULL AUTO_INCREMENT;

--
-- AUTO_INCREMENT de la tabla `pagos`
--
ALTER TABLE `pagos`
  MODIFY `id_pago` int(11) NOT NULL AUTO_INCREMENT, AUTO_INCREMENT=37;

--
-- AUTO_INCREMENT de la tabla `proveedores`
--
ALTER TABLE `proveedores`
  MODIFY `id_proveedor` int(11) NOT NULL AUTO_INCREMENT, AUTO_INCREMENT=8;

--
-- AUTO_INCREMENT de la tabla `roles`
--
ALTER TABLE `roles`
  MODIFY `id_role` int(11) NOT NULL AUTO_INCREMENT, AUTO_INCREMENT=16;

--
-- AUTO_INCREMENT de la tabla `tickets`
--
ALTER TABLE `tickets`
  MODIFY `id_ticket` int(11) NOT NULL AUTO_INCREMENT, AUTO_INCREMENT=23;

--
-- AUTO_INCREMENT de la tabla `tiposentrada`
--
ALTER TABLE `tiposentrada`
  MODIFY `id_tipo` int(11) NOT NULL AUTO_INCREMENT, AUTO_INCREMENT=11;

--
-- AUTO_INCREMENT de la tabla `usuarios`
--
ALTER TABLE `usuarios`
  MODIFY `id_usuario` int(11) NOT NULL AUTO_INCREMENT, AUTO_INCREMENT=28;

--
-- Restricciones para tablas volcadas
--

--
-- Filtros para la tabla `admins`
--
ALTER TABLE `admins`
  ADD CONSTRAINT `admins_ibfk_1` FOREIGN KEY (`id_usuario`) REFERENCES `usuarios` (`id_usuario`) ON DELETE CASCADE ON UPDATE CASCADE;

--
-- Filtros para la tabla `artistas_eventos`
--
ALTER TABLE `artistas_eventos`
  ADD CONSTRAINT `artistas_eventos_ibfk_1` FOREIGN KEY (`id_artista`) REFERENCES `artistas` (`id_artista`),
  ADD CONSTRAINT `artistas_eventos_ibfk_2` FOREIGN KEY (`id_evento`) REFERENCES `eventos` (`id_evento`);

--
-- Filtros para la tabla `asientos`
--
ALTER TABLE `asientos`
  ADD CONSTRAINT `asientos_ibfk_1` FOREIGN KEY (`id_tipo`) REFERENCES `tiposentrada` (`id_tipo`) ON DELETE CASCADE;

--
-- Filtros para la tabla `compras`
--
ALTER TABLE `compras`
  ADD CONSTRAINT `compras_ibfk_1` FOREIGN KEY (`id_usuario`) REFERENCES `usuarios` (`id_usuario`);

--
-- Filtros para la tabla `compra_detalle`
--
ALTER TABLE `compra_detalle`
  ADD CONSTRAINT `compra_detalle_ibfk_1` FOREIGN KEY (`id_compra`) REFERENCES `compras` (`id_compra`),
  ADD CONSTRAINT `compra_detalle_ibfk_2` FOREIGN KEY (`id_tipo`) REFERENCES `tiposentrada` (`id_tipo`);

--
-- Filtros para la tabla `conciliacionbancaria`
--
ALTER TABLE `conciliacionbancaria`
  ADD CONSTRAINT `conciliacionbancaria_ibfk_1` FOREIGN KEY (`creado_por`) REFERENCES `usuarios` (`id_usuario`);

--
-- Filtros para la tabla `conciliacionmovimientos`
--
ALTER TABLE `conciliacionmovimientos`
  ADD CONSTRAINT `conciliacionmovimientos_ibfk_1` FOREIGN KEY (`id_conci`) REFERENCES `conciliacionbancaria` (`id_conci`),
  ADD CONSTRAINT `conciliacionmovimientos_ibfk_2` FOREIGN KEY (`id_movimiento`) REFERENCES `movimientoscontables` (`id_movimiento`);

--
-- Filtros para la tabla `eventos_proveedores`
--
ALTER TABLE `eventos_proveedores`
  ADD CONSTRAINT `fk_ep_evento` FOREIGN KEY (`id_evento`) REFERENCES `eventos` (`id_evento`) ON DELETE CASCADE ON UPDATE CASCADE,
  ADD CONSTRAINT `fk_ep_proveedor` FOREIGN KEY (`id_proveedor`) REFERENCES `proveedores` (`id_proveedor`) ON DELETE CASCADE ON UPDATE CASCADE;
COMMIT;

/*!40101 SET CHARACTER_SET_CLIENT=@OLD_CHARACTER_SET_CLIENT */;
/*!40101 SET CHARACTER_SET_RESULTS=@OLD_CHARACTER_SET_RESULTS */;
/*!40101 SET COLLATION_CONNECTION=@OLD_COLLATION_CONNECTION */;
